{"Accuracy/Testing Accuracy": 0.6675324675324675, "Loss/Testing Loss": 1.1519641167157657, "_timestamp": 1671642239.5120506, "_runtime": 2410.6516976356506, "_step": 13, "mean_training_loss": 0.5571915740147233}