{"Accuracy/Testing Accuracy": 0.7519480519480519, "Loss/Testing Loss": 1.0481904271361115, "_timestamp": 1671638543.3547027, "_runtime": 10507.36556982994, "_step": 106, "mean_training_loss": 0.003102938309434409}