{"Accuracy/Testing Accuracy": 0.012987012987012988, "Loss/Testing Loss": 4.517341133216759, "_timestamp": 1671594287.5089538, "_runtime": 17.113512754440308, "_step": 0, "_wandb": {"runtime": 268}}