{"Accuracy/Testing Accuracy": 0.5766233766233766, "Loss/Testing Loss": 1.4472404179634986, "_timestamp": 1671639500.7039537, "_runtime": 714.929928779602, "_step": 4, "mean_training_loss": 0.1266413886617455}