{"Accuracy/Testing Accuracy": 0.674025974025974, "Loss/Testing Loss": 1.1282488076717823, "_timestamp": 1671642357.3102217, "_runtime": 2559.623525619507, "_step": 27, "mean_training_loss": 0.051949271291064525}