{"Accuracy/Testing Accuracy": 0.487012987012987, "Loss/Testing Loss": 1.733264348414037, "_timestamp": 1671639528.7224813, "_runtime": 750.1093661785126, "_step": 5, "mean_training_loss": 0.2187079381705685}