{"Accuracy/Testing Accuracy": 0.012987012987012988, "Loss/Testing Loss": 4.517341133216759, "_timestamp": 1671591057.6170197, "_runtime": 43.14621567726135, "_step": 0, "_wandb": {"runtime": 108}}