{"Accuracy/Testing Accuracy": 0.7, "Loss/Testing Loss": 1.1374936156458668, "_timestamp": 1671638573.0726838, "_runtime": 10644.635014772415, "_step": 45, "mean_training_loss": 0.05316284810634035}