{"Accuracy/Testing Accuracy": 0.012987012987012988, "Loss/Testing Loss": 4.517341133216759, "_timestamp": 1671592327.490018, "_runtime": 16.717960834503174, "_step": 0, "_wandb": {"runtime": 81}}