{"Accuracy/Testing Accuracy": 0.012987012987012988, "Loss/Testing Loss": 4.517341133216759, "_timestamp": 1671593994.6340861, "_runtime": 16.948103189468384, "_step": 0, "_wandb": {"runtime": 156}}