{"Accuracy/Testing Accuracy": 0.012987012987012988, "Loss/Testing Loss": 4.517341133216759, "_timestamp": 1671593506.4770153, "_runtime": 20.480679273605347, "_step": 0, "_wandb": {"runtime": 286}}