{"Accuracy/Testing Accuracy": 0.012987012987012988, "Loss/Testing Loss": 4.517292786883069, "_timestamp": 1671639815.0094047, "_runtime": 7.908679723739624, "_step": 0, "_wandb": {"runtime": 108}}