{"Accuracy/Testing Accuracy": 0.6896103896103896, "Loss/Testing Loss": 1.101017155585351, "_timestamp": 1671642214.7113507, "_runtime": 2390.8929946422577, "_step": 14, "mean_training_loss": 0.04919169126078487}