{"Round 1": {"Accuracy/Testing Accuracy": 0.012987012987012988, "Loss/Testing Loss": 4.517292786883069, "mean_training_loss": 1.0330246733332222}, "Round 2": {"Accuracy/Testing Accuracy": 0.07792207792207792, "Loss/Testing Loss": 5.167683555553486, "mean_training_loss": 0.8969764652168927}, "Round 3": {"Accuracy/Testing Accuracy": 0.18831168831168832, "Loss/Testing Loss": 4.017829721624201, "mean_training_loss": 0.6495206262450666}, "Round 4": {"Accuracy/Testing Accuracy": 0.24285714285714285, "Loss/Testing Loss": 4.042470141819545, "mean_training_loss": 0.7128450530140023}, "Round 5": {"Accuracy/Testing Accuracy": 0.2649350649350649, "Loss/Testing Loss": 3.5642721361928174, "mean_training_loss": 0.41056298794309526}, "Round 6": {"Accuracy/Testing Accuracy": 0.3103896103896104, "Loss/Testing Loss": 3.255156116361742, "mean_training_loss": 0.5024564046761952}, "Round 7": {"Accuracy/Testing Accuracy": 0.2883116883116883, "Loss/Testing Loss": 3.738010867230304, "mean_training_loss": 0.6851278915954754}, "Round 8": {"Accuracy/Testing Accuracy": 0.2883116883116883, "Loss/Testing Loss": 3.9518711857981494, "mean_training_loss": 0.6300243647769094}, "Round 9": {"Accuracy/Testing Accuracy": 0.36623376623376624, "Loss/Testing Loss": 2.9249113293437214, "mean_training_loss": 0.634783308680814}, "Round 10": {"Accuracy/Testing Accuracy": 0.34675324675324676, "Loss/Testing Loss": 2.8219262030217553, "mean_training_loss": 0.3404520682245493}, "Round 11": {"Accuracy/Testing Accuracy": 0.3168831168831169, "Loss/Testing Loss": 2.962937606464733, "mean_training_loss": 0.2556544041157596}, "Round 12": {"Accuracy/Testing Accuracy": 0.41948051948051945, "Loss/Testing Loss": 2.424790768189864, "mean_training_loss": 0.1041732453275472}, "Round 13": {"Accuracy/Testing Accuracy": 0.5103896103896104, "Loss/Testing Loss": 1.8224837371281215, "mean_training_loss": 0.07401713260377829}, "Round 14": {"Accuracy/Testing Accuracy": 0.5662337662337662, "Loss/Testing Loss": 1.6578397020117028, "mean_training_loss": 0.13458658145326705}, "Round 15": {"Accuracy/Testing Accuracy": 0.4753246753246753, "Loss/Testing Loss": 2.0163947291188427, "mean_training_loss": 0.14771332825766875}, "Round 16": {"Accuracy/Testing Accuracy": 0.5311688311688312, "Loss/Testing Loss": 1.7569191827402486, "mean_training_loss": 0.13144616736099124}, "Round 17": {"Accuracy/Testing Accuracy": 0.5766233766233766, "Loss/Testing Loss": 1.5790053615322361, "mean_training_loss": 0.12302303797264089}, "Round 18": {"Accuracy/Testing Accuracy": 0.5805194805194805, "Loss/Testing Loss": 1.6195645611007492, "mean_training_loss": 0.09577932307147421}, "Round 19": {"Accuracy/Testing Accuracy": 0.5545454545454546, "Loss/Testing Loss": 1.5800097911388844, "mean_training_loss": 0.03461663232717131}, "Round 20": {"Accuracy/Testing Accuracy": 0.625974025974026, "Loss/Testing Loss": 1.3079114700292611, "mean_training_loss": 0.04088214531802805}, "Round 21": {"Accuracy/Testing Accuracy": 0.6272727272727273, "Loss/Testing Loss": 1.3575149755973321, "mean_training_loss": 0.014059141722197336}, "Round 22": {"Accuracy/Testing Accuracy": 0.6064935064935065, "Loss/Testing Loss": 1.472246779714312, "mean_training_loss": 0.1957944115391001}, "Round 23": {"Accuracy/Testing Accuracy": 0.5857142857142857, "Loss/Testing Loss": 1.533555621605415, "mean_training_loss": 0.09044377026613802}, "Round 24": {"Accuracy/Testing Accuracy": 0.5337662337662338, "Loss/Testing Loss": 1.8258081522854892, "mean_training_loss": 0.03315214406466112}, "Round 25": {"Accuracy/Testing Accuracy": 0.6285714285714286, "Loss/Testing Loss": 1.2980211394173757, "mean_training_loss": 0.05171815029832281}, "Round 26": {"Accuracy/Testing Accuracy": 0.6792207792207792, "Loss/Testing Loss": 1.1594793406399813, "mean_training_loss": 0.03187897084979341}, "Round 27": {"Accuracy/Testing Accuracy": 0.7155844155844155, "Loss/Testing Loss": 1.0467865544480164, "mean_training_loss": 0.015788317458160842}, "Round 28": {"Accuracy/Testing Accuracy": 0.6883116883116883, "Loss/Testing Loss": 1.0789300986698696, "mean_training_loss": 0.007729335137022038}, "Round 29": {"Accuracy/Testing Accuracy": 0.7051948051948052, "Loss/Testing Loss": 1.0556461413185318, "mean_training_loss": 0.008938445135506548}, "Round 30": {"Accuracy/Testing Accuracy": 0.7441558441558441, "Loss/Testing Loss": 0.9586906501225063, "mean_training_loss": 0.006583540556797138}, "Round 31": {"Accuracy/Testing Accuracy": 0.7363636363636363, "Loss/Testing Loss": 0.9437725492886134, "mean_training_loss": 0.016908722422720696}, "Round 32": {"Accuracy/Testing Accuracy": 0.5766233766233766, "Loss/Testing Loss": 1.5476230299317992, "mean_training_loss": 0.035199009628559}, "Round 33": {"Accuracy/Testing Accuracy": 0.6688311688311688, "Loss/Testing Loss": 1.2064734712823646, "mean_training_loss": 0.010658253669316765}, "Round 34": {"Accuracy/Testing Accuracy": 0.6818181818181818, "Loss/Testing Loss": 1.1568040547432838, "mean_training_loss": 0.33294510384356335}, "Round 35": {"Accuracy/Testing Accuracy": 0.6506493506493507, "Loss/Testing Loss": 1.322812465878276, "mean_training_loss": 0.0596429741342685}, "Round 36": {"Accuracy/Testing Accuracy": 0.6636363636363637, "Loss/Testing Loss": 1.24825695613762, "mean_training_loss": 0.035071585220672816}, "Round 37": {"Accuracy/Testing Accuracy": 0.6766233766233766, "Loss/Testing Loss": 1.101677699212904, "mean_training_loss": 0.041712693134988}, "Round 38": {"Accuracy/Testing Accuracy": 0.7142857142857143, "Loss/Testing Loss": 1.0399918639814698, "mean_training_loss": 0.32031933044948213}, "Round 39": {"Accuracy/Testing Accuracy": 0.6064935064935065, "Loss/Testing Loss": 1.5311326779328382, "mean_training_loss": 0.020255065418314188}, "Round 40": {"Accuracy/Testing Accuracy": 0.6766233766233766, "Loss/Testing Loss": 1.1711576410702296, "mean_training_loss": 0.20029365464579313}, "Round 41": {"Accuracy/Testing Accuracy": 0.6909090909090909, "Loss/Testing Loss": 1.1273932748026663, "mean_training_loss": 0.14139367848651352}, "Round 42": {"Accuracy/Testing Accuracy": 0.6805194805194805, "Loss/Testing Loss": 1.229870117484749, "mean_training_loss": 0.010442111427387732}, "Round 43": {"Accuracy/Testing Accuracy": 0.7051948051948052, "Loss/Testing Loss": 1.0629615991146533, "mean_training_loss": 0.026080682124302264}, "Round 44": {"Accuracy/Testing Accuracy": 0.6753246753246753, "Loss/Testing Loss": 1.2514780397539016, "mean_training_loss": 0.05791347810088403}, "Round 45": {"Accuracy/Testing Accuracy": 0.7389610389610389, "Loss/Testing Loss": 0.9901543511972799, "mean_training_loss": 0.009851279362434675}, "Round 46": {"Accuracy/Testing Accuracy": 0.7337662337662337, "Loss/Testing Loss": 0.9879310883484878, "mean_training_loss": 0.009204237559364023}, "Round 47": {"Accuracy/Testing Accuracy": 0.7376623376623377, "Loss/Testing Loss": 0.927722595109568, "mean_training_loss": 0.003598414344984728}, "Round 48": {"Accuracy/Testing Accuracy": 0.7506493506493507, "Loss/Testing Loss": 0.9283120472709854, "mean_training_loss": 0.0027760843814273054}, "Round 49": {"Accuracy/Testing Accuracy": 0.7519480519480519, "Loss/Testing Loss": 0.9103867905480522, "mean_training_loss": 0.0022427455784054472}, "Round 50": {"Accuracy/Testing Accuracy": 0.687012987012987, "Loss/Testing Loss": 1.129729284249343, "mean_training_loss": 0.1322431514235047}, "Round 51": {"Accuracy/Testing Accuracy": 0.6558441558441559, "Loss/Testing Loss": 1.2808373838276057, "mean_training_loss": 0.01772559445525985}, "Round 52": {"Accuracy/Testing Accuracy": 0.7194805194805195, "Loss/Testing Loss": 1.0038007819807375, "mean_training_loss": 0.0033876597912846293}, "Round 53": {"Accuracy/Testing Accuracy": 0.7233766233766233, "Loss/Testing Loss": 1.0023952416011266, "mean_training_loss": 0.003040393208472156}, "Round 54": {"Accuracy/Testing Accuracy": 0.7194805194805195, "Loss/Testing Loss": 1.0015317969507986, "mean_training_loss": 0.007924842714176825}, "Round 55": {"Accuracy/Testing Accuracy": 0.7415584415584415,