{"Round 1": {"Accuracy/Testing Accuracy": 0.012987012987012988, "Loss/Testing Loss": 4.517292786883069, "mean_training_loss": 0.9340151908652237}, "Round 2": {"Accuracy/Testing Accuracy": 0.08701298701298701, "Loss/Testing Loss": 5.180409111914696, "mean_training_loss": 0.9496773137400547}, "Round 3": {"Accuracy/Testing Accuracy": 0.16753246753246753, "Loss/Testing Loss": 4.257481302533831, "mean_training_loss": 0.6780823066491972}, "Round 4": {"Accuracy/Testing Accuracy": 0.2012987012987013, "Loss/Testing Loss": 4.510816152993735, "mean_training_loss": 0.7661887339161088}, "Round 5": {"Accuracy/Testing Accuracy": 0.2662337662337662, "Loss/Testing Loss": 3.773736374099533, "mean_training_loss": 0.4840339691505175}, "Round 6": {"Accuracy/Testing Accuracy": 0.3155844155844156, "Loss/Testing Loss": 3.3580848867242987, "mean_training_loss": 0.5451285121031106}, "Round 7": {"Accuracy/Testing Accuracy": 0.2883116883116883, "Loss/Testing Loss": 3.772406717399498, "mean_training_loss": 0.8476370724435481}, "Round 8": {"Accuracy/Testing Accuracy": 0.2831168831168831, "Loss/Testing Loss": 3.908353323750682, "mean_training_loss": 0.7356995619367808}, "Round 9": {"Accuracy/Testing Accuracy": 0.33896103896103896, "Loss/Testing Loss": 3.132590140924825, "mean_training_loss": 0.6877563880368447}, "Round 10": {"Accuracy/Testing Accuracy": 0.35844155844155845, "Loss/Testing Loss": 2.924507458798297, "mean_training_loss": 0.4595133787859231}, "Round 11": {"Accuracy/Testing Accuracy": 0.37662337662337664, "Loss/Testing Loss": 2.692928576779056, "mean_training_loss": 0.6261299396441741}, "Round 12": {"Accuracy/Testing Accuracy": 0.4064935064935065, "Loss/Testing Loss": 2.3798939463380093, "mean_training_loss": 0.17016188349574804}, "Round 13": {"Accuracy/Testing Accuracy": 0.4818181818181818, "Loss/Testing Loss": 2.0470929963248117, "mean_training_loss": 0.4526650371650855}, "Round 14": {"Accuracy/Testing Accuracy": 0.43246753246753245, "Loss/Testing Loss": 2.2536760652220096, "mean_training_loss": 0.210654177662218}, "Round 15": {"Accuracy/Testing Accuracy": 0.4636363636363636, "Loss/Testing Loss": 2.213034011791279, "mean_training_loss": 0.1856356111393931}, "Round 16": {"Accuracy/Testing Accuracy": 0.4987012987012987, "Loss/Testing Loss": 1.9136047911334348, "mean_training_loss": 0.5042073084041476}, "Round 17": {"Accuracy/Testing Accuracy": 0.42207792207792205, "Loss/Testing Loss": 2.649919490071086, "mean_training_loss": 0.4410947654644648}, "Round 18": {"Accuracy/Testing Accuracy": 0.43376623376623374, "Loss/Testing Loss": 2.3467149982204685, "mean_training_loss": 0.18540607979909207}, "Round 19": {"Accuracy/Testing Accuracy": 0.4935064935064935, "Loss/Testing Loss": 2.033302940331496, "mean_training_loss": 1.0238904978963546}, "Round 20": {"Accuracy/Testing Accuracy": 0.5896103896103896, "Loss/Testing Loss": 1.4725905520575386, "mean_training_loss": 0.08919846367623126}, "Round 21": {"Accuracy/Testing Accuracy": 0.5974025974025974, "Loss/Testing Loss": 1.4994426461009236, "mean_training_loss": 0.1735492434137716}, "Round 22": {"Accuracy/Testing Accuracy": 0.5428571428571428, "Loss/Testing Loss": 1.876110620003242, "mean_training_loss": 0.12895548230347534}, "Round 23": {"Accuracy/Testing Accuracy": 0.6012987012987013, "Loss/Testing Loss": 1.5383817691307564, "mean_training_loss": 0.08667972746982491}, "Round 24": {"Accuracy/Testing Accuracy": 0.5714285714285714, "Loss/Testing Loss": 1.5378378524408711, "mean_training_loss": 0.024239877310381935}, "Round 25": {"Accuracy/Testing Accuracy": 0.6636363636363637, "Loss/Testing Loss": 1.12585377538359, "mean_training_loss": 0.04849398698657751}, "Round 26": {"Accuracy/Testing Accuracy": 0.6987012987012987, "Loss/Testing Loss": 1.0640602954022296, "mean_training_loss": 0.020097415941482826}, "Round 27": {"Accuracy/Testing Accuracy": 0.7298701298701299, "Loss/Testing Loss": 0.9347619861751407, "mean_training_loss": 0.016956904758505215}, "Round 28": {"Accuracy/Testing Accuracy": 0.7168831168831169, "Loss/Testing Loss": 0.9929708737831611, "mean_training_loss": 0.02503070855080815}, "Round 29": {"Accuracy/Testing Accuracy": 0.6831168831168831, "Loss/Testing Loss": 1.1071302683322461, "mean_training_loss": 0.011746279840008356}, "Round 30": {"Accuracy/Testing Accuracy": 0.7298701298701299, "Loss/Testing Loss": 0.8979801671845572, "mean_training_loss": 0.01613217624447619}, "Round 31": {"Accuracy/Testing Accuracy": 0.7038961038961039, "Loss/Testing Loss": 0.9636826674659531, "mean_training_loss": 0.03203613581368699}, "Round 32": {"Accuracy/Testing Accuracy": 0.7, "Loss/Testing Loss": 1.040701616894115, "mean_training_loss": 0.035113386204466225}, "Round 33": {"Accuracy/Testing Accuracy": 0.7116883116883117, "Loss/Testing Loss": 1.002530522779985, "mean_training_loss": 0.008159525292285252}, "Round 34": {"Accuracy/Testing Accuracy": 0.7506493506493507, "Loss/Testing Loss": 0.905899733382386, "mean_training_loss": 0.13265937234973535}, "Round 35": {"Accuracy/Testing Accuracy": 0.7025974025974026, "Loss/Testing Loss": 1.0759534479735733, "mean_training_loss": 0.14113606423405667}, "Round 36": {"Accuracy/Testing Accuracy": 0.7077922077922078, "Loss/Testing Loss": 1.0359719372414924, "mean_training_loss": 0.01593568897709095}, "Round 37": {"Accuracy/Testing Accuracy": 0.7012987012987013, "Loss/Testing Loss": 0.9845521179112521, "mean_training_loss": 0.06725335472063827}, "Round 38": {"Accuracy/Testing Accuracy": 0.7168831168831169, "Loss/Testing Loss": 1.0394122609844456, "mean_training_loss": 0.20719987355239158}, "Round 39": {"Accuracy/Testing Accuracy": 0.6792207792207792, "Loss/Testing Loss": 1.1851266501785873, "mean_training_loss": 0.030340372320885454}, "Round 40": {"Accuracy/Testing Accuracy": 0.7051948051948052, "Loss/Testing Loss": 1.0463530628712145, "mean_training_loss": 0.1805566494319854}, "Round 41": {"Accuracy/Testing Accuracy": 0.6649350649350649, "Loss/Testing Loss": 1.1568215134855988, "mean_training_loss": 0.0927830573537254}, "Round 42": {"Accuracy/Testing Accuracy": 0.6974025974025974, "Loss/Testing Loss": 1.097907800643475, "mean_training_loss": 0.008946815083882856}, "Round 43": {"Accuracy/Testing Accuracy": 0.7220779220779221, "Loss/Testing Loss": 0.9693688909728806, "mean_training_loss": 0.014020902885143488}, "Round 44": {"Accuracy/Testing Accuracy": 0.6519480519480519, "Loss/Testing Loss": 1.3026000515207068, "mean_training_loss": 0.05986517709256574}, "Round 45": {"Accuracy/Testing Accuracy": 0.6766233766233766, "Loss/Testing Loss": 1.18845892045405, "mean_training_loss": 0.025342300327611155}, "Round 46": {"Accuracy/Testing Accuracy": 0.6883116883116883, "Loss/Testing Loss": 1.0847821136573692, "mean_training_loss": 0.013910738893900997}, "Round 47": {"Accuracy/Testing Accuracy": 0.712987012987013, "Loss/Testing Loss": 0.9798288848493006, "mean_training_loss": 0.005218523662188091}, "Round 48": {"Accuracy/Testing Accuracy": 0.7337662337662337, "Loss/Testing Loss": 0.9256053452367906, "mean_training_loss": 0.0023941330631108335}, "Round 49": {"Accuracy/Testing Accuracy": 0.7389610389610389, "Loss/Testing Loss": 0.8988651510957, "mean_training_loss": 0.0020438236499709696}, "Round 50": {"Accuracy/Testing Accuracy": 0.674025974025974, "Loss/Testing Loss": 1.2423611659508247, "mean_training_loss": 0.15861755481164436}, "Round 51": {"Accuracy/Testing Accuracy": 0.638961038961039, "Loss/Testing Loss": 1.345455597902273, "mean_training_loss": 0.034153960882686074}, "Round 52": {"Accuracy/Testing Accuracy": 0.6142857142857143, "Loss/Testing Loss": 1.5610591225809864, "mean_training_loss": 0.02444231101932625}, "Round 53": {"Accuracy/Testing Accuracy": 0.6584415584415585, "Loss/Testing Loss": 1.345376094285544, "mean_training_loss": 0.004808172047456824}, "Round 54": {"Accuracy/Testing Accuracy": 0.6883116883116883, "Loss/Testing Loss": 1.1473164137307699, "mean_training_loss": 0.20508360871113837}, "Round 55": {"Accuracy/Testing Accuracy": 0.6220779220779221, "Loss/Testing Loss": 1.471705919426757,