{"Round 1": {"Accuracy/Testing Accuracy": 0.012987012987012988, "Loss/Testing Loss": 4.517292786883069, "mean_training_loss": 0.9340151908652237}, "Round 2": {"Accuracy/Testing Accuracy": 0.08701298701298701, "Loss/Testing Loss": 5.180409111914696, "mean_training_loss": 0.8352341088025191}, "Round 3": {"Accuracy/Testing Accuracy": 0.18701298701298702, "Loss/Testing Loss": 4.059450648666976, "mean_training_loss": 0.5479466080665588}, "Round 4": {"Accuracy/Testing Accuracy": 0.2584415584415584, "Loss/Testing Loss": 3.941619838987078, "mean_training_loss": 0.6521791673043654}, "Round 5": {"Accuracy/Testing Accuracy": 0.2792207792207792, "Loss/Testing Loss": 3.632079959844614, "mean_training_loss": 1.3286931430920956}, "Round 6": {"Accuracy/Testing Accuracy": 0.24155844155844156, "Loss/Testing Loss": 4.295170221700297, "mean_training_loss": 0.5455527159268968}, "Round 7": {"Accuracy/Testing Accuracy": 0.3194805194805195, "Loss/Testing Loss": 3.817567305131392, "mean_training_loss": 0.8123205569107087}, "Round 8": {"Accuracy/Testing Accuracy": 0.3233766233766234, "Loss/Testing Loss": 3.570521890962279, "mean_training_loss": 0.5972329119278583}, "Round 9": {"Accuracy/Testing Accuracy": 0.35974025974025975, "Loss/Testing Loss": 2.9066280705588206, "mean_training_loss": 0.5711162165667003}, "Round 10": {"Accuracy/Testing Accuracy": 0.38311688311688313, "Loss/Testing Loss": 2.579016043923118, "mean_training_loss": 0.2983024936076254}, "Round 11": {"Accuracy/Testing Accuracy": 0.37142857142857144, "Loss/Testing Loss": 2.926988021429483, "mean_training_loss": 0.28748473304069855}, "Round 12": {"Accuracy/Testing Accuracy": 0.43376623376623374, "Loss/Testing Loss": 2.160602647607977, "mean_training_loss": 0.09914919126895257}, "Round 13": {"Accuracy/Testing Accuracy": 0.5454545454545454, "Loss/Testing Loss": 1.65176298711207, "mean_training_loss": 0.05062195651698857}, "Round 14": {"Accuracy/Testing Accuracy": 0.5766233766233766, "Loss/Testing Loss": 1.5198650679030976, "mean_training_loss": 0.25645962976850567}, "Round 15": {"Accuracy/Testing Accuracy": 0.525974025974026, "Loss/Testing Loss": 1.7204581164694452, "mean_training_loss": 0.13190712053328751}, "Round 16": {"Accuracy/Testing Accuracy": 0.5844155844155844, "Loss/Testing Loss": 1.4150102482213602, "mean_training_loss": 0.05893027082678269}, "Round 17": {"Accuracy/Testing Accuracy": 0.625974025974026, "Loss/Testing Loss": 1.3548568118702282, "mean_training_loss": 0.0649366345444125}, "Round 18": {"Accuracy/Testing Accuracy": 0.6350649350649351, "Loss/Testing Loss": 1.318314925107089, "mean_training_loss": 0.05218562566054365}, "Round 19": {"Accuracy/Testing Accuracy": 0.6350649350649351, "Loss/Testing Loss": 1.2464589279967468, "mean_training_loss": 0.01682786604745642}, "Round 20": {"Accuracy/Testing Accuracy": 0.6792207792207792, "Loss/Testing Loss": 1.158872254792746, "mean_training_loss": 0.03165655357443029}, "Round 21": {"Accuracy/Testing Accuracy": 0.6805194805194805, "Loss/Testing Loss": 1.1573743996682104, "mean_training_loss": 0.009571576499313648}, "Round 22": {"Accuracy/Testing Accuracy": 0.6441558441558441, "Loss/Testing Loss": 1.2766967380201661, "mean_training_loss": 0.06214833691580376}, "Round 23": {"Accuracy/Testing Accuracy": 0.6324675324675325, "Loss/Testing Loss": 1.2950430978428233, "mean_training_loss": 0.060793070845432916}, "Round 24": {"Accuracy/Testing Accuracy": 0.6467532467532467, "Loss/Testing Loss": 1.3307886278474486, "mean_training_loss": 0.008853382195229641}, "Round 25": {"Accuracy/Testing Accuracy": 0.7051948051948052, "Loss/Testing Loss": 1.0791352281322728, "mean_training_loss": 0.018727727625325014}, "Round 26": {"Accuracy/Testing Accuracy": 0.7194805194805195, "Loss/Testing Loss": 1.0166591864127617, "mean_training_loss": 0.018562060971744357}, "Round 27": {"Accuracy/Testing Accuracy": 0.7389610389610389, "Loss/Testing Loss": 0.9601437531508409, "mean_training_loss": 0.010045313692535274}, "Round 28": {"Accuracy/Testing Accuracy": 0.7220779220779221, "Loss/Testing Loss": 0.9610597474234445, "mean_training_loss": 0.007946209482745164}, "Round 29": {"Accuracy/Testing Accuracy": 0.7259740259740259, "Loss/Testing Loss": 0.9783042639880986, "mean_training_loss": 0.009054322382011874}, "Round 30": {"Accuracy/Testing Accuracy": 0.7311688311688311, "Loss/Testing Loss": 0.9109839868235897, "mean_training_loss": 0.0200808152064888}, "Round 31": {"Accuracy/Testing Accuracy": 0.7441558441558441, "Loss/Testing Loss": 0.8950017495588822, "mean_training_loss": 0.021838389069307594}, "Round 32": {"Accuracy/Testing Accuracy": 0.6285714285714286, "Loss/Testing Loss": 1.3387648563880425, "mean_training_loss": 0.024325136776315048}, "Round 33": {"Accuracy/Testing Accuracy": 0.6935064935064935, "Loss/Testing Loss": 1.0602937469234714, "mean_training_loss": 0.005676366922853049}, "Round 34": {"Accuracy/Testing Accuracy": 0.7454545454545455, "Loss/Testing Loss": 0.9305107841243991, "mean_training_loss": 0.1145916857640259}, "Round 35": {"Accuracy/Testing Accuracy": 0.6818181818181818, "Loss/Testing Loss": 1.1225628075661598, "mean_training_loss": 0.01197762542370973}, "Round 36": {"Accuracy/Testing Accuracy": 0.7389610389610389, "Loss/Testing Loss": 0.8847624925823955, "mean_training_loss": 0.01241665250126971}, "Round 37": {"Accuracy/Testing Accuracy": 0.7363636363636363, "Loss/Testing Loss": 0.8847697581563677, "mean_training_loss": 0.10694230838811825}, "Round 38": {"Accuracy/Testing Accuracy": 0.7116883116883117, "Loss/Testing Loss": 1.0746516219981306, "mean_training_loss": 0.18900744791608304}, "Round 39": {"Accuracy/Testing Accuracy": 0.6831168831168831, "Loss/Testing Loss": 1.227945943002577, "mean_training_loss": 0.01622474836651236}, "Round 40": {"Accuracy/Testing Accuracy": 0.5857142857142857, "Loss/Testing Loss": 1.5941098897488086, "mean_training_loss": 0.15325044865520404}, "Round 41": {"Accuracy/Testing Accuracy": 0.6493506493506493, "Loss/Testing Loss": 1.242580873625619, "mean_training_loss": 0.04041335389816335}, "Round 42": {"Accuracy/Testing Accuracy": 0.712987012987013, "Loss/Testing Loss": 1.0420458946909223, "mean_training_loss": 0.013783487147884443}, "Round 43": {"Accuracy/Testing Accuracy": 0.7155844155844155, "Loss/Testing Loss": 0.996823896370925, "mean_training_loss": 0.019860979065318436}, "Round 44": {"Accuracy/Testing Accuracy": 0.6714285714285714, "Loss/Testing Loss": 1.2576351388708338, "mean_training_loss": 0.021451957962320498}, "Round 45": {"Accuracy/Testing Accuracy": 0.6610389610389611, "Loss/Testing Loss": 1.3049779600911326, "mean_training_loss": 0.013543325617016913}, "Round 46": {"Accuracy/Testing Accuracy": 0.6961038961038961, "Loss/Testing Loss": 1.0681332309524734, "mean_training_loss": 0.015096098821959458}, "Round 47": {"Accuracy/Testing Accuracy": 0.7181818181818181, "Loss/Testing Loss": 1.01906619040997, "mean_training_loss": 0.0035446009487107707}, "Round 48": {"Accuracy/Testing Accuracy": 0.7233766233766233, "Loss/Testing Loss": 0.9414287704926032, "mean_training_loss": 0.0026576375773098944}, "Round 49": {"Accuracy/Testing Accuracy": 0.7389610389610389, "Loss/Testing Loss": 0.9106889085336165, "mean_training_loss": 0.0023247774375098136}, "Round 50": {"Accuracy/Testing Accuracy": 0.7363636363636363, "Loss/Testing Loss": 0.9135268988547387, "mean_training_loss": 0.24464039594500459}, "Round 51": {"Accuracy/Testing Accuracy": 0.6935064935064935, "Loss/Testing Loss": 1.1498292074575052, "mean_training_loss": 0.015565488643187566}, "Round 52": {"Accuracy/Testing Accuracy": 0.7584415584415585, "Loss/Testing Loss": 0.9329887956767887, "mean_training_loss": 0.0033200472074289187}, "Round 53": {"Accuracy/Testing Accuracy": 0.7636363636363637, "Loss/Testing Loss": 0.8982925278799875, "mean_training_loss": 0.002216044152584417}, "Round 54": {"Accuracy/Testing Accuracy": 0.7636363636363637, "Loss/Testing Loss": 0.8882437727668069, "mean_training_loss": 0.00658239979238715}, "Round 55": {"Accuracy/Testing Accuracy": 0.7454545454545455,