{"Round 1": {"Accuracy/Testing Accuracy": 0.012987012987012988, "Loss/Testing Loss": 4.517292786883069, "mean_training_loss": 1.1623128174493709}, "Round 2": {"Accuracy/Testing Accuracy": 0.09220779220779221, "Loss/Testing Loss": 5.203670526479746, "mean_training_loss": 0.9678495941476688}, "Round 3": {"Accuracy/Testing Accuracy": 0.2025974025974026, "Loss/Testing Loss": 3.8058379284747237, "mean_training_loss": 0.7418495218579968}, "Round 4": {"Accuracy/Testing Accuracy": 0.261038961038961, "Loss/Testing Loss": 3.8135971298465483, "mean_training_loss": 0.6321105502266436}, "Round 5": {"Accuracy/Testing Accuracy": 0.3194805194805195, "Loss/Testing Loss": 3.1338479407421955, "mean_training_loss": 0.3095818510490724}, "Round 6": {"Accuracy/Testing Accuracy": 0.32597402597402597, "Loss/Testing Loss": 3.1159990775120723, "mean_training_loss": 0.43345685668755324}, "Round 7": {"Accuracy/Testing Accuracy": 0.3194805194805195, "Loss/Testing Loss": 3.4412014465827445, "mean_training_loss": 0.5892697468710442}, "Round 8": {"Accuracy/Testing Accuracy": 0.34285714285714286, "Loss/Testing Loss": 3.2093728127417624, "mean_training_loss": 0.41459604893914526}, "Round 9": {"Accuracy/Testing Accuracy": 0.45064935064935063, "Loss/Testing Loss": 2.281464355022876, "mean_training_loss": 0.4444193936168001}, "Round 10": {"Accuracy/Testing Accuracy": 0.4597402597402597, "Loss/Testing Loss": 2.0674365316118513, "mean_training_loss": 0.14602309864130805}, "Round 11": {"Accuracy/Testing Accuracy": 0.44675324675324674, "Loss/Testing Loss": 2.132761425166935, "mean_training_loss": 0.11433994410953559}, "Round 12": {"Accuracy/Testing Accuracy": 0.5636363636363636, "Loss/Testing Loss": 1.5784229002989731, "mean_training_loss": 0.4027725226294837}, "Round 13": {"Accuracy/Testing Accuracy": 0.522077922077922, "Loss/Testing Loss": 1.7637986328694728, "mean_training_loss": 0.04003627466680925}, "Round 14": {"Accuracy/Testing Accuracy": 0.5, "Loss/Testing Loss": 2.0136807568661577, "mean_training_loss": 0.09934401546647263}, "Round 15": {"Accuracy/Testing Accuracy": 0.6038961038961039, "Loss/Testing Loss": 1.5654725257452433, "mean_training_loss": 0.10291037167279193}, "Round 16": {"Accuracy/Testing Accuracy": 0.6376623376623377, "Loss/Testing Loss": 1.3829664790785159, "mean_training_loss": 0.03639704421035607}, "Round 17": {"Accuracy/Testing Accuracy": 0.6584415584415585, "Loss/Testing Loss": 1.3088575988620907, "mean_training_loss": 0.06674820363765493}, "Round 18": {"Accuracy/Testing Accuracy": 0.6337662337662338, "Loss/Testing Loss": 1.3080761946641006, "mean_training_loss": 0.06350093374136262}, "Round 19": {"Accuracy/Testing Accuracy": 0.6350649350649351, "Loss/Testing Loss": 1.251683496809625, "mean_training_loss": 0.010530357579409611}, "Round 20": {"Accuracy/Testing Accuracy": 0.6805194805194805, "Loss/Testing Loss": 1.1379375974853319, "mean_training_loss": 0.06751393552533248}, "Round 21": {"Accuracy/Testing Accuracy": 0.6675324675324675, "Loss/Testing Loss": 1.2070566678976085, "mean_training_loss": 0.04383815630677749}, "Round 22": {"Accuracy/Testing Accuracy": 0.6363636363636364, "Loss/Testing Loss": 1.3273090145804665, "mean_training_loss": 0.04250066674042804}, "Round 23": {"Accuracy/Testing Accuracy": 0.7012987012987013, "Loss/Testing Loss": 1.155661678314209, "mean_training_loss": 1.104432062082924}, "Round 24": {"Accuracy/Testing Accuracy": 0.5454545454545454, "Loss/Testing Loss": 1.7539528664056356, "mean_training_loss": 0.006957374066647997}, "Round 25": {"Accuracy/Testing Accuracy": 0.6376623376623377, "Loss/Testing Loss": 1.272290368823262, "mean_training_loss": 0.028280899662058795}, "Round 26": {"Accuracy/Testing Accuracy": 0.6519480519480519, "Loss/Testing Loss": 1.3007066593541727, "mean_training_loss": 0.028075011984420646}, "Round 27": {"Accuracy/Testing Accuracy": 0.6805194805194805, "Loss/Testing Loss": 1.2244445066947443, "mean_training_loss": 0.06394589692354202}, "Round 28": {"Accuracy/Testing Accuracy": 0.6363636363636364, "Loss/Testing Loss": 1.2670444144831075, "mean_training_loss": 0.013699903841673708}, "Round 29": {"Accuracy/Testing Accuracy": 0.6155844155844156, "Loss/Testing Loss": 1.407500062979661, "mean_training_loss": 0.09610945992726123}, "Round 30": {"Accuracy/Testing Accuracy": 0.6714285714285714, "Loss/Testing Loss": 1.223882720996807, "mean_training_loss": 0.018214968647225764}, "Round 31": {"Accuracy/Testing Accuracy": 0.638961038961039, "Loss/Testing Loss": 1.3620648715403172, "mean_training_loss": 0.049345877960037726}, "Round 32": {"Accuracy/Testing Accuracy": 0.6688311688311688, "Loss/Testing Loss": 1.19753182708443, "mean_training_loss": 0.13659765431269383}, "Round 33": {"Accuracy/Testing Accuracy": 0.6649350649350649, "Loss/Testing Loss": 1.2950529024198458, "mean_training_loss": 0.007444067752634685}, "Round 34": {"Accuracy/Testing Accuracy": 0.7038961038961039, "Loss/Testing Loss": 1.1221009443332624, "mean_training_loss": 0.013154595876888681}, "Round 35": {"Accuracy/Testing Accuracy": 0.7168831168831169, "Loss/Testing Loss": 1.1208816949423257, "mean_training_loss": 0.8518427944076912}, "Round 36": {"Accuracy/Testing Accuracy": 0.6545454545454545, "Loss/Testing Loss": 1.336304428979948, "mean_training_loss": 0.16242649349151178}, "Round 37": {"Accuracy/Testing Accuracy": 0.6701298701298701, "Loss/Testing Loss": 1.202465414691281, "mean_training_loss": 0.011067198109716023}, "Round 38": {"Accuracy/Testing Accuracy": 0.7168831168831169, "Loss/Testing Loss": 1.0197104887528854, "mean_training_loss": 0.006016519658554058}, "Round 39": {"Accuracy/Testing Accuracy": 0.7337662337662337, "Loss/Testing Loss": 0.9497149417926739, "mean_training_loss": 0.02563591916325756}, "Round 40": {"Accuracy/Testing Accuracy": 0.7233766233766233, "Loss/Testing Loss": 0.9826559811443477, "mean_training_loss": 0.0036311611824203283}, "Round 41": {"Accuracy/Testing Accuracy": 0.7285714285714285, "Loss/Testing Loss": 0.9104140335863287, "mean_training_loss": 0.0022594106670182487}, "Round 42": {"Accuracy/Testing Accuracy": 0.7506493506493507, "Loss/Testing Loss": 0.8874382396797081, "mean_training_loss": 0.01899014936338755}, "Round 43": {"Accuracy/Testing Accuracy": 0.6467532467532467, "Loss/Testing Loss": 1.3931299060970157, "mean_training_loss": 0.024422829942583726}, "Round 44": {"Accuracy/Testing Accuracy": 0.6753246753246753, "Loss/Testing Loss": 1.2306845250067773, "mean_training_loss": 0.009105112975452185}, "Round 45": {"Accuracy/Testing Accuracy": 0.7298701298701299, "Loss/Testing Loss": 0.9846795812829748, "mean_training_loss": 0.009687023228616452}, "Round 46": {"Accuracy/Testing Accuracy": 0.7428571428571429, "Loss/Testing Loss": 0.9198534779734425, "mean_training_loss": 0.7154575913174389}, "Round 47": {"Accuracy/Testing Accuracy": 0.522077922077922, "Loss/Testing Loss": 2.044953857149397, "mean_training_loss": 0.003320502295052089}, "Round 48": {"Accuracy/Testing Accuracy": 0.6662337662337663, "Loss/Testing Loss": 1.239997005153012, "mean_training_loss": 0.002401086757405816}, "Round 49": {"Accuracy/Testing Accuracy": 0.6987012987012987, "Loss/Testing Loss": 1.1434407769859611, "mean_training_loss": 0.00304292757937219}, "Round 50": {"Accuracy/Testing Accuracy": 0.7025974025974026, "Loss/Testing Loss": 1.0709554895178064, "mean_training_loss": 0.0036596189409745144}, "Round 51": {"Accuracy/Testing Accuracy": 0.7311688311688311, "Loss/Testing Loss": 1.0240841463014676, "mean_training_loss": 0.00509265458288913}, "Round 52": {"Accuracy/Testing Accuracy": 0.6688311688311688, "Loss/Testing Loss": 1.2805930530870115, "mean_training_loss": 0.04560805315874556}, "Round 53": {"Accuracy/Testing Accuracy": 0.6792207792207792, "Loss/Testing Loss": 1.248165645847073, "mean_training_loss": 0.005275321290154305}, "Round 54": {"Accuracy/Testing Accuracy": 0.7220779220779221, "Loss/Testing Loss": 1.094949127172495, "mean_training_loss": 0.006774776996220075}, "Round 55": {"Accuracy/Testing Accuracy": 0.6571428571428571,