{"Round 1": {"Accuracy/Testing Accuracy": 0.005333333333333333, "Loss/Testing Loss": 5.147876698811849, "mean_training_loss": 1.370950353145599}, "Round 2": {"training_time": 318.536497592926, "max test accuracy": 0.005333333333333333, "Accuracy/Testing Accuracy": 0.006, "Loss/Testing Loss": 5.120682058970133, "mean_training_loss": 1.247705094855481}, "Round 3": {"training_time": 203.20393443107605, "max test accuracy": 0.006, "Accuracy/Testing Accuracy": 0.009333333333333334, "Loss/Testing Loss": 5.098389784495036, "mean_training_loss": 1.2293023181937293}}