{"Round 1": {"selectd_client": [23, 81, 85, 34, 62, 46, 42, 31, 93, 11, 22, 77, 66, 13, 10, 68, 27, 36, 86, 40, 19, 1, 3, 16, 17, 29, 49, 45, 58, 37], "training_loss": {"client_1": [4.392464478810628, 1.602178414662679, 0.6388909022013346, 0.07576503604650497, 0.06312912205855052], "client_3": [4.359484910964966, 1.4779515266418457, 0.38390182455380756, 0.13269831240177155, 0.04244926758110523], "client_10": [4.623311758041382, 1.5530068079630535, 0.4556993842124939, 0.1647425815463066, 0.06611682722965877], "client_11": [4.6963525613149, 2.2743610541025796, 1.2565236687660217, 0.7196058531602224, 0.21232566237449646], "client_13": [5.3117523193359375, 3.554337739944458, 1.088381290435791, 0.17027880251407623, 0.04737738519906998], "client_16": [4.425968567530314, 1.505948583285014, 0.40787973006566364, 0.16551465541124344, 0.0741150031487147], "client_17": [4.69379448890686, 2.177303910255432, 0.7563695311546326, 0.38593949377536774, 0.17143074795603752], "client_19": [5.006526470184326, 3.313828468322754, 1.0698527097702026, 0.25291329622268677, 0.10232766717672348], "client_22": [4.920950174331665, 2.051467001438141, 0.5179783254861832, 0.19439489394426346, 0.07717080041766167], "client_23": [4.36115288734436, 1.6203718185424805, 0.43571336567401886, 0.182761549949646, 0.06381529197096825], "client_27": [5.0243706703186035, 2.184409976005554, 0.4675213098526001, 0.13865777477622032, 0.06397756934165955], "client_29": [5.226423740386963, 3.5738396644592285, 1.2627874612808228, 0.3015260696411133, 0.11179353296756744], "client_31": [4.696261405944824, 1.8950762748718262, 0.6493522425492605, 0.34462430079778034, 0.13760979225238165], "client_34": [4.804588317871094, 1.725003679593404, 0.6308799783388773, 0.2759834825992584, 0.08370200420419376], "client_36": [4.590847889582316, 1.2864535450935364, 0.48102085789044696, 0.12323308736085892, 0.05406309167544047], "client_37": [4.809966564178467, 2.115659236907959, 0.6456830203533173, 0.18128938972949982, 0.07762949168682098], "client_40": [4.331673860549927, 1.0814277331034343, 0.5068952639897665, 0.08333270251750946, 0.06637586280703545], "client_42": [4.568722407023112, 1.391858180363973, 0.296116940677166, 0.2765737622976303, 0.2717300709336996], "client_45": [4.260982910792033, 1.6829436620076497, 1.205906053384145, 0.435920109351476, 0.3018472492694855], "client_46": [4.553959369659424, 1.4874074161052704, 0.3747226297855377, 0.10565833002328873, 0.03653370775282383], "client_49": [4.2735466957092285, 1.5555540323257446, 0.4441986878712972, 0.20664921899636587, 0.10763068993886311], "client_58": [4.9241955280303955, 2.222868025302887, 0.611718088388443, 0.210796058177948, 0.08411486819386482], "client_62": [4.627770900726318, 1.7806291580200195, 0.4835401674111684, 0.20919914046923319, 0.10561171422402064], "client_66": [4.409139394760132, 1.5688084761301677, 0.5598135789235433, 0.2123561898867289, 0.11401185641686122], "client_68": [4.378838936487834, 1.4021646976470947, 0.42477643489837646, 0.2654778907696406, 0.080984382579724], "client_77": [4.555096944173177, 1.7396262884140015, 0.4710426926612854, 0.18317788590987524, 0.06377858916918437], "client_81": [4.7365827560424805, 1.7849724690119426, 0.6139014859994253, 0.49133264025052387, 0.14731678366661072], "client_85": [4.712367296218872, 1.4814993937810261, 0.36071758965651196, 0.15407109260559082, 0.08174413318435352], "client_86": [4.480939626693726, 2.0580286979675293, 0.6177555322647095, 0.2090381532907486, 0.08487233147025108], "client_93": [4.638504346211751, 1.4919079542160034, 0.46743043263753253, 0.1712905541062355, 0.08561847855647405]}}, "Round 2": {"selectd_client": [21, 9, 42, 76, 74, 6, 20, 45, 70, 27, 79, 8, 40, 99, 33, 50, 17, 13, 78, 49, 63, 4, 62, 67, 57, 71, 2, 64, 19, 11], "training_loss": {"client_2": [4.688666820526123, 1.7043445706367493, 0.38204750418663025, 0.09248126298189163, 0.05456448905169964], "client_4": [5.827881336212158, 4.000754356384277, 1.1983586549758911, 0.18015894293785095, 0.059147004038095474], "client_6": [5.2633233070373535, 3.572253942489624, 1.1528841257095337, 0.2654840052127838, 0.08030129224061966], "client_8": [4.6745994091033936, 1.8209272623062134, 0.4869912713766098, 0.2063734233379364, 0.09860526397824287], "client_9": [5.4043779373168945, 3.6410343647003174, 1.130425214767456, 0.20164665579795837, 0.06752608716487885], "client_11": [4.516996383666992, 2.1324878931045532, 0.8126857678095499, 0.4062792658805847, 0.21903630097707114], "client_13": [5.277194499969482, 3.5106594562530518, 0.99921053647995, 0.1496349424123764, 0.044064316898584366], "client_17": [4.440528154373169, 2.0761579871177673, 0.7198448777198792, 0.2837310656905174, 0.14299075677990913], "client_19": [4.915600299835205, 3.2212469577789307, 0.9972472786903381, 0.22616882622241974, 0.08617999404668808], "client_20": [4.410501718521118, 1.4302771886189778, 1.0229124029477437, 0.4850310782591502, 0.4064440280199051], "client_21": [5.263669967651367, 3.4396660327911377, 1.0170931816101074, 0.15192335844039917, 0.04127218946814537], "client_27": [4.806795835494995, 1.9978992342948914, 0.3356800228357315, 0.10087586380541325, 0.03833258803933859], "client_33": [4.4213173389434814, 1.827638328075409, 0.3872521370649338, 0.12268205732107162, 0.06401606276631355], "client_40": [4.17911156018575, 1.1815556685129802, 0.590823824206988, 0.24845619002978006, 0.1064913955827554], "client_42": [4.34909717241923, 1.2084854245185852, 0.7669346332550049, 0.09915444254875183, 0.22221369296312332], "client_45": [4.14966622988383, 1.3708101511001587, 0.7566062609354655, 0.40851926803588867, 0.4452458868424098], "client_49": [4.105608145395915, 1.4727981487909954, 0.4029977520306905, 0.15990001211563745, 0.09865541756153107], "client_50": [4.729413827260335, 1.5444447596867878, 0.6773042579491934, 0.2834830582141876, 0.2943706065416336], "client_57": [4.715937614440918, 1.5877520044644673, 0.3964795370896657, 0.1734988366564115, 0.05434140811363856], "client_62": [4.2615922292073565, 1.3978421688079834, 0.41372870405515033, 0.21582543353239694, 0.06333715965350468], "client_63": [4.731981039047241, 1.566148579120636, 0.3336905539035797, 0.12986387312412262, 0.05724835675209761], "client_64": [5.299276351928711, 3.5754058361053467, 1.1752265691757202, 0.2413448691368103, 0.057796478271484375], "client_67": [4.392441113789876, 1.813365379969279, 1.129073162873586, 0.40942151844501495, 0.09286998709042867], "client_70": [4.65841023127238, 1.8062480688095093, 1.058050702015559, 0.9240196645259857, 0.4232803483804067], "client_71": [4.730637788772583, 2.0164759755134583, 0.406652107834816, 0.10322557762265205, 0.055124444887042046], "client_74": [4.7300699551900225, 1.5730693340301514, 0.5043705503145853, 0.16142684717973074, 0.06371820345520973], "client_76": [4.914126396179199, 2.209967613220215, 0.6106391102075577, 0.21016493439674377, 0.08537726104259491], "client_78": [4.661996046702067, 1.6078671216964722, 0.4838098684946696, 0.1464243804415067, 0.04519478355844816], "client_79": [4.877424240112305, 1.8753632307052612, 0.5480848699808121, 0.2171861007809639, 0.1309884712100029], "client_99": [5.047012805938721, 1.1887028217315674, 0.002800691407173872, 9.107516234507784e-06, 4.768370942542788e-08]}}, "Round 3": {"selectd_client": [52, 29, 99, 16, 70, 8, 44, 4, 27, 53, 14, 96, 75, 80, 55, 47, 24, 61, 59, 58, 2, 71, 43, 65, 41, 49, 87, 79, 35, 57], "training_loss": {"client_2": [4.589654207229614, 1.6807703375816345, 0.2786560729146004, 0.11645196005702019, 0.033285826444625854], "client_4": [5.581166744232178, 3.7601099014282227, 1.0852187871932983, 0.17041468620300293, 0.053048230707645416], "client_8": [4.622144937515259, 1.7831048369407654, 0.5318280160427094, 0.20750317722558975, 0.09949787706136703], "client_14": [5.076877117156982, 3.3333957195281982, 0.9960992336273193, 0.18699911236763, 0.061318155378103256], "client_16": [4.1652859052022295, 1.3230299750963848, 0.35977495710055035, 0.12441564599672954, 0.05549633875489235],