{"Round 1": {"Accuracy/Testing Accuracy": 0.0972, "Loss/Testing Loss": 2.3084521141052248, "mean_training_loss": 0.026892016167368377}, "Round 2": {"Accuracy/Testing Accuracy": 0.1941, "Loss/Testing Loss": 2.344137797164917, "mean_training_loss": 0.015364176637612779}, "Round 3": {"Accuracy/Testing Accuracy": 0.2142, "Loss/Testing Loss": 2.4234255268096923, "mean_training_loss": 0.0806519923887473}, "Round 4": {"Accuracy/Testing Accuracy": 0.2484, "Loss/Testing Loss": 1.9917384510040284, "mean_training_loss": 0.1497365721890431}, "Round 5": {"Accuracy/Testing Accuracy": 0.212, "Loss/Testing Loss": 2.641969422531128, "mean_training_loss": 0.012911170696073098}, "Round 6": {"Accuracy/Testing Accuracy": 0.2523, "Loss/Testing Loss": 2.5351188415527344, "mean_training_loss": 0.2326782776047319}}