{"Round 1": {"Accuracy/Testing Accuracy": 0.0972, "Loss/Testing Loss": 2.3084521141052248, "mean_training_loss": 0.026892016167368377}, "Round 2": {"Accuracy/Testing Accuracy": 0.1941, "Loss/Testing Loss": 2.344137797164917, "mean_training_loss": 0.04723100564339755}, "Round 3": {"Accuracy/Testing Accuracy": 0.2112, "Loss/Testing Loss": 3.0335193939208986, "mean_training_loss": 0.08591798770543997}, "Round 4": {"Accuracy/Testing Accuracy": 0.2435, "Loss/Testing Loss": 1.9739236267089844, "mean_training_loss": 0.22298896069749558}, "Round 5": {"Accuracy/Testing Accuracy": 0.2113, "Loss/Testing Loss": 5.020040960693359, "mean_training_loss": 0.016482359544393442}}