{"Round 1": {"selectd_client": [1, 2, 7], "training_loss": {"client_1": [1.3057526648044586, 0.5119957135369381, 0.2654553397248189, 0.2397380548839768, 0.22272661111007133], "client_2": [0.6121940232696943, 0.12603994022356346, 0.10490643611410633, 0.07918677160341758, 0.09432390837173443], "client_7": [0.11414111675654595, 0.007296501128177125, 0.007056391610013657, 0.003661090678109453, 0.0023049806639957007]}}, "Round 2": {"selectd_client": [3, 0, 2], "training_loss": {"client_0": [2.542456785837809, 2.1418192386627197, 1.667500615119934, 1.1175256768862407, 0.5955192148685455], "client_2": [0.6244571736897342, 0.15551047073677182, 0.11524144778377376, 0.1128772407391807, 0.09057860782195348], "client_3": [0.11561853004289636, 0.03515106379292234, 0.0314428714251537, 0.028089486225184777, 0.025853076730830555]}}, "Round 3": {"selectd_client": [1, 2, 9], "training_loss": {"client_1": [1.6124634717901547, 0.6717513290544351, 0.2651383380095164, 0.22425935883075, 0.22006291228656968], "client_2": [0.4444307289668359, 0.1143142837099731, 0.108625561450026, 0.07859289132466074, 0.07191742986469762], "client_9": [0.41297964648793517, 0.008825747211158159, 0.003686611268676643, 0.0018974195981112038, 0.002200513961318696]}}, "Round 4": {"selectd_client": [1, 4, 3], "training_loss": {"client_1": [1.1169259163240592, 0.3007478093107541, 0.22979458436990777, 0.204453203206261, 0.20213637314736843], "client_3": [0.04892136981131038, 0.031235026797680296, 0.02876437773909654, 0.023228500714655334, 0.02048256385151035], "client_4": [0.7623716411039685, 0.12805818028352928, 0.07918194388251075, 0.07008594210095577, 0.07524709611651346]}}, "Round 5": {"selectd_client": [7, 1, 4], "training_loss": {"client_1": [1.2530622258782387, 0.36190936900675297, 0.27360300595561665, 0.22815887490287423, 0.21095786709338427], "client_4": [1.1373972874699216, 0.16113838886447024, 0.09151781530994357, 0.10622090022220756, 0.088463358073072], "client_7": [0.06659145692232395, 0.006634899862859594, 0.005270178800042196, 0.002316382776843567, 0.0015988793598978944]}}}