{"Round 1": {"Accuracy/Testing Accuracy": 0.012987012987012988, "Loss/Testing Loss": 4.517292786883069, "mean_training_loss": 0.7095685911178589}, "Round 2": {"Accuracy/Testing Accuracy": 0.023376623376623377, "Loss/Testing Loss": 4.479198027276373, "mean_training_loss": 0.7250282206064598}, "Round 3": {"Accuracy/Testing Accuracy": 0.046753246753246755, "Loss/Testing Loss": 4.35637494372083, "mean_training_loss": 0.6658912032842637}, "Round 4": {"Accuracy/Testing Accuracy": 0.08441558441558442, "Loss/Testing Loss": 4.197139406823493, "mean_training_loss": 0.647232997544894}, "Round 5": {"Accuracy/Testing Accuracy": 0.11428571428571428, "Loss/Testing Loss": 3.9499819396378157, "mean_training_loss": 0.43333019034316145}, "Round 6": {"Accuracy/Testing Accuracy": 0.14415584415584415, "Loss/Testing Loss": 3.874910342228877, "mean_training_loss": 0.6054440387059004}, "Round 7": {"Accuracy/Testing Accuracy": 0.21948051948051947, "Loss/Testing Loss": 3.453964899112652, "mean_training_loss": 0.3262451302609407}, "Round 8": {"Accuracy/Testing Accuracy": 0.2025974025974026, "Loss/Testing Loss": 3.3220841872227656, "mean_training_loss": 0.39748583290105066}, "Round 9": {"Accuracy/Testing Accuracy": 0.2714285714285714, "Loss/Testing Loss": 3.1063291890280587, "mean_training_loss": 0.4670630519710747}, "Round 10": {"Accuracy/Testing Accuracy": 0.3155844155844156, "Loss/Testing Loss": 2.874321848386294, "mean_training_loss": 0.2779759547983606}, "Round 11": {"Accuracy/Testing Accuracy": 0.4012987012987013, "Loss/Testing Loss": 2.5235816614968436, "mean_training_loss": 0.23122270479410262}, "Round 12": {"Accuracy/Testing Accuracy": 0.4142857142857143, "Loss/Testing Loss": 2.380460359523823, "mean_training_loss": 0.19569555464511118}, "Round 13": {"Accuracy/Testing Accuracy": 0.4090909090909091, "Loss/Testing Loss": 2.285897916323179, "mean_training_loss": 0.1643364639702038}, "Round 14": {"Accuracy/Testing Accuracy": 0.42207792207792205, "Loss/Testing Loss": 2.255012200095437, "mean_training_loss": 0.38654777726956774}, "Round 15": {"Accuracy/Testing Accuracy": 0.42077922077922075, "Loss/Testing Loss": 2.298064728526326, "mean_training_loss": 0.2410741509621342}, "Round 16": {"Accuracy/Testing Accuracy": 0.42207792207792205, "Loss/Testing Loss": 2.1671853790035494, "mean_training_loss": 0.13260092626015343}, "Round 17": {"Accuracy/Testing Accuracy": 0.42337662337662335, "Loss/Testing Loss": 2.1510099101376223, "mean_training_loss": 0.12320112138986586}, "Round 18": {"Accuracy/Testing Accuracy": 0.4623376623376623, "Loss/Testing Loss": 2.001093289139983, "mean_training_loss": 0.1667631124611944}, "Round 19": {"Accuracy/Testing Accuracy": 0.44545454545454544, "Loss/Testing Loss": 1.9941005307358581, "mean_training_loss": 0.3721426499231408}, "Round 20": {"Accuracy/Testing Accuracy": 0.4675324675324675, "Loss/Testing Loss": 1.993301399032791, "mean_training_loss": 0.10171713525584587}, "Round 21": {"Accuracy/Testing Accuracy": 0.4909090909090909, "Loss/Testing Loss": 1.907831184585373, "mean_training_loss": 0.06592620914203248}, "Round 22": {"Accuracy/Testing Accuracy": 0.5636363636363636, "Loss/Testing Loss": 1.7389544759477888, "mean_training_loss": 0.09589735985035076}, "Round 23": {"Accuracy/Testing Accuracy": 0.535064935064935, "Loss/Testing Loss": 1.7404526472091675, "mean_training_loss": 0.12537591291591527}, "Round 24": {"Accuracy/Testing Accuracy": 0.5532467532467532, "Loss/Testing Loss": 1.6449082455077728, "mean_training_loss": 0.2697105669344847}, "Round 25": {"Accuracy/Testing Accuracy": 0.5337662337662338, "Loss/Testing Loss": 1.6599707773753576, "mean_training_loss": 0.09633888882651391}, "Round 26": {"Accuracy/Testing Accuracy": 0.5415584415584416, "Loss/Testing Loss": 1.634735039302281, "mean_training_loss": 0.04491680451901629}, "Round 27": {"Accuracy/Testing Accuracy": 0.5233766233766234, "Loss/Testing Loss": 1.6849089452198573, "mean_training_loss": 0.08688797512843918}, "Round 28": {"Accuracy/Testing Accuracy": 0.5805194805194805, "Loss/Testing Loss": 1.5262450778639163, "mean_training_loss": 0.06148900370149372}, "Round 29": {"Accuracy/Testing Accuracy": 0.5441558441558442, "Loss/Testing Loss": 1.67365383575489, "mean_training_loss": 0.03368441586563777}, "Round 30": {"Accuracy/Testing Accuracy": 0.5662337662337662, "Loss/Testing Loss": 1.553193776638477, "mean_training_loss": 0.6753868830855936}, "Round 31": {"Accuracy/Testing Accuracy": 0.5116883116883116, "Loss/Testing Loss": 1.819242247977814, "mean_training_loss": 0.10188959664975603}, "Round 32": {"Accuracy/Testing Accuracy": 0.5584415584415584, "Loss/Testing Loss": 1.6259446546628877, "mean_training_loss": 0.08815526527635355}, "Round 33": {"Accuracy/Testing Accuracy": 0.5532467532467532, "Loss/Testing Loss": 1.695409667027461, "mean_training_loss": 0.029239312740974133}, "Round 34": {"Accuracy/Testing Accuracy": 0.5441558441558442, "Loss/Testing Loss": 1.6374257539773915, "mean_training_loss": 0.11196435060972969}, "Round 35": {"Accuracy/Testing Accuracy": 0.577922077922078, "Loss/Testing Loss": 1.5531060435555197, "mean_training_loss": 0.051293875971376635}, "Round 36": {"Accuracy/Testing Accuracy": 0.6116883116883117, "Loss/Testing Loss": 1.424452627479256, "mean_training_loss": 0.09706160834923919}, "Round 37": {"Accuracy/Testing Accuracy": 0.6441558441558441, "Loss/Testing Loss": 1.3215415440596543, "mean_training_loss": 0.04290482819446229}, "Round 38": {"Accuracy/Testing Accuracy": 0.6441558441558441, "Loss/Testing Loss": 1.2881615384832605, "mean_training_loss": 0.029295915910708053}, "Round 39": {"Accuracy/Testing Accuracy": 0.638961038961039, "Loss/Testing Loss": 1.2801718414603889, "mean_training_loss": 0.03605805659026373}, "Round 40": {"Accuracy/Testing Accuracy": 0.6493506493506493, "Loss/Testing Loss": 1.2856131129450612, "mean_training_loss": 0.039477576133795086}, "Round 41": {"Accuracy/Testing Accuracy": 0.6571428571428571, "Loss/Testing Loss": 1.2635349521389256, "mean_training_loss": 0.0290865939896321}, "Round 42": {"Accuracy/Testing Accuracy": 0.6597402597402597, "Loss/Testing Loss": 1.2381700998776919, "mean_training_loss": 0.028631901772528445}, "Round 43": {"Accuracy/Testing Accuracy": 0.6597402597402597, "Loss/Testing Loss": 1.2276603094943157, "mean_training_loss": 0.06943603528353075}, "Round 44": {"Accuracy/Testing Accuracy": 0.6610389610389611, "Loss/Testing Loss": 1.1814253751333659, "mean_training_loss": 0.026280886589665896}, "Round 45": {"Accuracy/Testing Accuracy": 0.6675324675324675, "Loss/Testing Loss": 1.2332985614801382, "mean_training_loss": 0.024409945146180688}, "Round 46": {"Accuracy/Testing Accuracy": 0.6766233766233766, "Loss/Testing Loss": 1.2098556744587885, "mean_training_loss": 0.03873594156882194}, "Round 47": {"Accuracy/Testing Accuracy": 0.6779220779220779, "Loss/Testing Loss": 1.2281231669636516, "mean_training_loss": 0.033464107611395705}, "Round 48": {"Accuracy/Testing Accuracy": 0.6558441558441559, "Loss/Testing Loss": 1.2313855106180365, "mean_training_loss": 0.02659863799150723}, "Round 49": {"Accuracy/Testing Accuracy": 0.6766233766233766, "Loss/Testing Loss": 1.196391613142831, "mean_training_loss": 0.03759313131837795}, "Round 50": {"Accuracy/Testing Accuracy": 0.6727272727272727, "Loss/Testing Loss": 1.168069279039061, "mean_training_loss": 0.04002105261629017}, "Round 51": {"Accuracy/Testing Accuracy": 0.6909090909090909, "Loss/Testing Loss": 1.1291589866984975, "mean_training_loss": 0.5983939474996398}, "Round 52": {"Accuracy/Testing Accuracy": 0.6441558441558441, "Loss/Testing Loss": 1.2058878440361518, "mean_training_loss": 0.03607146984577412}, "Round 53": {"Accuracy/Testing Accuracy": 0.6571428571428571, "Loss/Testing Loss": 1.1937205853400292, "mean_training_loss": 0.009082123477281512}, "Round 54": {"Accuracy/Testing Accuracy": 0.6623376623376623, "Loss/Testing Loss": 1.2016167581855477, "mean_training_loss": 0.02950665183329525}, "Round 55": {"Accuracy/Testing Accuracy": 0.6727272727272727,