{"Round 1": {"Accuracy/Testing Accuracy": 0.012987012987012988, "Loss/Testing Loss": 4.517292786883069, "mean_training_loss": 1.1713761305809023}, "Round 2": {"Accuracy/Testing Accuracy": 0.08051948051948052, "Loss/Testing Loss": 4.633731802407797, "mean_training_loss": 1.3550421833992006}, "Round 3": {"Accuracy/Testing Accuracy": 0.15844155844155844, "Loss/Testing Loss": 4.099384487449349, "mean_training_loss": 1.0581449210643767}, "Round 4": {"Accuracy/Testing Accuracy": 0.17532467532467533, "Loss/Testing Loss": 3.7934046287041205, "mean_training_loss": 1.289890545920322}, "Round 5": {"Accuracy/Testing Accuracy": 0.2571428571428571, "Loss/Testing Loss": 3.211970228343815, "mean_training_loss": 0.5528122746944427}, "Round 6": {"Accuracy/Testing Accuracy": 0.2597402597402597, "Loss/Testing Loss": 3.370613685830847, "mean_training_loss": 1.2633832971254984}, "Round 7": {"Accuracy/Testing Accuracy": 0.3025974025974026, "Loss/Testing Loss": 3.0186342456124047, "mean_training_loss": 0.5672538594766097}, "Round 8": {"Accuracy/Testing Accuracy": 0.22987012987012986, "Loss/Testing Loss": 3.3627135809365805, "mean_training_loss": 0.7415584259563023}, "Round 9": {"Accuracy/Testing Accuracy": 0.34155844155844156, "Loss/Testing Loss": 2.6174417953986624, "mean_training_loss": 0.8410366733868916}, "Round 10": {"Accuracy/Testing Accuracy": 0.4090909090909091, "Loss/Testing Loss": 2.2923397237604313, "mean_training_loss": 0.49090744853019713}, "Round 11": {"Accuracy/Testing Accuracy": 0.3974025974025974, "Loss/Testing Loss": 2.217402205529151, "mean_training_loss": 0.3001319020986557}, "Round 12": {"Accuracy/Testing Accuracy": 0.5116883116883116, "Loss/Testing Loss": 1.9281687265866763, "mean_training_loss": 0.22862879971663155}, "Round 13": {"Accuracy/Testing Accuracy": 0.4636363636363636, "Loss/Testing Loss": 1.9328719476600746, "mean_training_loss": 0.15110702514648436}, "Round 14": {"Accuracy/Testing Accuracy": 0.5077922077922078, "Loss/Testing Loss": 1.8080388660554763, "mean_training_loss": 0.25148492615956525}, "Round 15": {"Accuracy/Testing Accuracy": 0.4792207792207792, "Loss/Testing Loss": 1.9390763936104713, "mean_training_loss": 0.3109169853585107}, "Round 16": {"Accuracy/Testing Accuracy": 0.4935064935064935, "Loss/Testing Loss": 1.8532846419842213, "mean_training_loss": 0.1563010306230613}, "Round 17": {"Accuracy/Testing Accuracy": 0.5064935064935064, "Loss/Testing Loss": 1.8047696051659523, "mean_training_loss": 0.46437296039528314}, "Round 18": {"Accuracy/Testing Accuracy": 0.509090909090909, "Loss/Testing Loss": 1.8243500508271255, "mean_training_loss": 0.24302380681037902}}