{"Round 1": {"Accuracy/Testing Accuracy": 0.012987012987012988, "Loss/Testing Loss": 4.517292786883069, "mean_training_loss": 1.1713761305809023}, "Round 2": {"Accuracy/Testing Accuracy": 0.08051948051948052, "Loss/Testing Loss": 4.633731802407797, "mean_training_loss": 1.7327070109984455}, "Round 3": {"Accuracy/Testing Accuracy": 0.12597402597402596, "Loss/Testing Loss": 4.3159023061975255, "mean_training_loss": 1.2314096674323083}, "Round 4": {"Accuracy/Testing Accuracy": 0.15584415584415584, "Loss/Testing Loss": 4.033397972428953, "mean_training_loss": 1.3365698561948889}, "Round 5": {"Accuracy/Testing Accuracy": 0.23506493506493506, "Loss/Testing Loss": 3.5174683372695723, "mean_training_loss": 0.5894355944224766}, "Round 6": {"Accuracy/Testing Accuracy": 0.2506493506493506, "Loss/Testing Loss": 3.4148349693843296, "mean_training_loss": 1.4880251977178787}, "Round 7": {"Accuracy/Testing Accuracy": 0.3038961038961039, "Loss/Testing Loss": 2.9312661604447796, "mean_training_loss": 0.49026298197832974}, "Round 8": {"Accuracy/Testing Accuracy": 0.24545454545454545, "Loss/Testing Loss": 3.0284244970841843, "mean_training_loss": 0.9248809423711567}, "Round 9": {"Accuracy/Testing Accuracy": 0.3090909090909091, "Loss/Testing Loss": 2.647341572154652, "mean_training_loss": 0.8489003698031109}, "Round 10": {"Accuracy/Testing Accuracy": 0.37662337662337664, "Loss/Testing Loss": 2.498286969940384, "mean_training_loss": 0.9856492901841799}, "Round 11": {"Accuracy/Testing Accuracy": 0.34545454545454546, "Loss/Testing Loss": 2.395519057187167, "mean_training_loss": 0.22198620703485278}, "Round 12": {"Accuracy/Testing Accuracy": 0.4701298701298701, "Loss/Testing Loss": 1.9449011579736486, "mean_training_loss": 0.22397138545146356}, "Round 13": {"Accuracy/Testing Accuracy": 0.43766233766233764, "Loss/Testing Loss": 2.038009750068962, "mean_training_loss": 1.5273763177295525}, "Round 14": {"Accuracy/Testing Accuracy": 0.3181818181818182, "Loss/Testing Loss": 2.7708099006058333, "mean_training_loss": 0.41498626098036767}, "Round 15": {"Accuracy/Testing Accuracy": 0.43116883116883115, "Loss/Testing Loss": 2.2728630833811576, "mean_training_loss": 0.6931351721286774}, "Round 16": {"Accuracy/Testing Accuracy": 0.44415584415584414, "Loss/Testing Loss": 2.1181079895465404, "mean_training_loss": 0.2164674881313528}, "Round 17": {"Accuracy/Testing Accuracy": 0.4831168831168831, "Loss/Testing Loss": 1.946520607192795, "mean_training_loss": 0.2641007898251216}, "Round 18": {"Accuracy/Testing Accuracy": 0.5506493506493506, "Loss/Testing Loss": 1.6641036411384484, "mean_training_loss": 0.1293987152668146}, "Round 19": {"Accuracy/Testing Accuracy": 0.5207792207792208, "Loss/Testing Loss": 1.7072303877248391, "mean_training_loss": 0.06258082273933623}, "Round 20": {"Accuracy/Testing Accuracy": 0.5077922077922078, "Loss/Testing Loss": 1.852004550029705, "mean_training_loss": 0.13224398700727355}, "Round 21": {"Accuracy/Testing Accuracy": 0.5207792207792208, "Loss/Testing Loss": 1.7233874324080232, "mean_training_loss": 0.07250657805966007}}