{"Round 1": {"Accuracy/Testing Accuracy": 0.012987012987012988, "Loss/Testing Loss": 4.517292786883069, "mean_training_loss": 0.7095685911178589}, "Round 2": {"Accuracy/Testing Accuracy": 0.023376623376623377, "Loss/Testing Loss": 4.479198027276373, "mean_training_loss": 0.7250282206064598}, "Round 3": {"Accuracy/Testing Accuracy": 0.046753246753246755, "Loss/Testing Loss": 4.35637494372083, "mean_training_loss": 0.6658912032842637}, "Round 4": {"Accuracy/Testing Accuracy": 0.08441558441558442, "Loss/Testing Loss": 4.197139406823493, "mean_training_loss": 0.647232997544894}, "Round 5": {"Accuracy/Testing Accuracy": 0.11428571428571428, "Loss/Testing Loss": 3.9499819396378157, "mean_training_loss": 0.43333019034316145}, "Round 6": {"Accuracy/Testing Accuracy": 0.14415584415584415, "Loss/Testing Loss": 3.874910342228877, "mean_training_loss": 0.6054440387059004}, "Round 7": {"Accuracy/Testing Accuracy": 0.22857142857142856, "Loss/Testing Loss": 3.466599157878331, "mean_training_loss": 0.3306103807447168}, "Round 8": {"Accuracy/Testing Accuracy": 0.2012987012987013, "Loss/Testing Loss": 3.355978708143358, "mean_training_loss": 0.44194058656692503}, "Round 9": {"Accuracy/Testing Accuracy": 0.2662337662337662, "Loss/Testing Loss": 3.157323917165979, "mean_training_loss": 0.4916586288650121}, "Round 10": {"Accuracy/Testing Accuracy": 0.2844155844155844, "Loss/Testing Loss": 2.979285511413178, "mean_training_loss": 0.29148644111895317}, "Round 11": {"Accuracy/Testing Accuracy": 0.35324675324675325, "Loss/Testing Loss": 2.6742180180239985, "mean_training_loss": 0.2781314969373246}, "Round 12": {"Accuracy/Testing Accuracy": 0.38441558441558443, "Loss/Testing Loss": 2.4965659135347837, "mean_training_loss": 0.285932753328234}, "Round 13": {"Accuracy/Testing Accuracy": 0.4012987012987013, "Loss/Testing Loss": 2.400124848972667, "mean_training_loss": 0.16941448581727364}, "Round 14": {"Accuracy/Testing Accuracy": 0.4064935064935065, "Loss/Testing Loss": 2.35655321517548, "mean_training_loss": 0.7681154229279075}, "Round 15": {"Accuracy/Testing Accuracy": 0.3935064935064935, "Loss/Testing Loss": 2.3666136209066813, "mean_training_loss": 0.2622703688585067}, "Round 16": {"Accuracy/Testing Accuracy": 0.4077922077922078, "Loss/Testing Loss": 2.1937951180842017, "mean_training_loss": 0.13665222316586342}, "Round 17": {"Accuracy/Testing Accuracy": 0.4116883116883117, "Loss/Testing Loss": 2.1841806770919203, "mean_training_loss": 0.15951382787898183}, "Round 18": {"Accuracy/Testing Accuracy": 0.4649350649350649, "Loss/Testing Loss": 2.0009758410515723, "mean_training_loss": 0.18611234774192173}, "Round 19": {"Accuracy/Testing Accuracy": 0.4649350649350649, "Loss/Testing Loss": 1.9776867346330123, "mean_training_loss": 0.4558513897386464}, "Round 20": {"Accuracy/Testing Accuracy": 0.4792207792207792, "Loss/Testing Loss": 1.9897169079099382, "mean_training_loss": 0.12060020969365723}, "Round 21": {"Accuracy/Testing Accuracy": 0.5116883116883116, "Loss/Testing Loss": 1.9111737167680418, "mean_training_loss": 0.09618193727552092}, "Round 22": {"Accuracy/Testing Accuracy": 0.5714285714285714, "Loss/Testing Loss": 1.750803002753815, "mean_training_loss": 0.11668087584587435}, "Round 23": {"Accuracy/Testing Accuracy": 0.5532467532467532, "Loss/Testing Loss": 1.7017250841314142, "mean_training_loss": 0.5642075070242087}, "Round 24": {"Accuracy/Testing Accuracy": 0.5428571428571428, "Loss/Testing Loss": 1.668183363567699, "mean_training_loss": 0.10583419050301679}, "Round 25": {"Accuracy/Testing Accuracy": 0.5428571428571428, "Loss/Testing Loss": 1.6755072637037798, "mean_training_loss": 0.10369781406524663}, "Round 26": {"Accuracy/Testing Accuracy": 0.5337662337662338, "Loss/Testing Loss": 1.659698359068338, "mean_training_loss": 0.060944750296938056}, "Round 27": {"Accuracy/Testing Accuracy": 0.5376623376623376, "Loss/Testing Loss": 1.6853281897383852, "mean_training_loss": 0.10503212548598337}, "Round 28": {"Accuracy/Testing Accuracy": 0.574025974025974, "Loss/Testing Loss": 1.5481549934907393, "mean_training_loss": 0.07256421082949435}, "Round 29": {"Accuracy/Testing Accuracy": 0.587012987012987, "Loss/Testing Loss": 1.5425390519104996, "mean_training_loss": 0.04365234679871184}, "Round 30": {"Accuracy/Testing Accuracy": 0.5974025974025974, "Loss/Testing Loss": 1.506308860593028, "mean_training_loss": 0.23760612251666874}, "Round 31": {"Accuracy/Testing Accuracy": 0.5727272727272728, "Loss/Testing Loss": 1.616029346453679, "mean_training_loss": 0.10339543877801458}, "Round 32": {"Accuracy/Testing Accuracy": 0.6064935064935065, "Loss/Testing Loss": 1.4814546167076408, "mean_training_loss": 0.09114356338977814}, "Round 33": {"Accuracy/Testing Accuracy": 0.5948051948051948, "Loss/Testing Loss": 1.5352791600413136, "mean_training_loss": 0.045886529019168974}, "Round 34": {"Accuracy/Testing Accuracy": 0.5623376623376624, "Loss/Testing Loss": 1.5958686076201403, "mean_training_loss": 0.3167302843183279}, "Round 35": {"Accuracy/Testing Accuracy": 0.551948051948052, "Loss/Testing Loss": 1.5767072479446214, "mean_training_loss": 0.06010601499225371}, "Round 36": {"Accuracy/Testing Accuracy": 0.5974025974025974, "Loss/Testing Loss": 1.4615831886019026, "mean_training_loss": 0.546292143275163}, "Round 37": {"Accuracy/Testing Accuracy": 0.612987012987013, "Loss/Testing Loss": 1.389343513761248, "mean_training_loss": 0.07978111362635074}, "Round 38": {"Accuracy/Testing Accuracy": 0.6363636363636364, "Loss/Testing Loss": 1.3440427284736138, "mean_training_loss": 0.5587668596265407}, "Round 39": {"Accuracy/Testing Accuracy": 0.6207792207792208, "Loss/Testing Loss": 1.3488493674761288, "mean_training_loss": 0.06328758325738211}, "Round 40": {"Accuracy/Testing Accuracy": 0.6350649350649351, "Loss/Testing Loss": 1.3274765110635138, "mean_training_loss": 0.49378011645032815}, "Round 41": {"Accuracy/Testing Accuracy": 0.6363636363636364, "Loss/Testing Loss": 1.3452096301239806, "mean_training_loss": 0.028493466975245}, "Round 42": {"Accuracy/Testing Accuracy": 0.612987012987013, "Loss/Testing Loss": 1.3771364707451361, "mean_training_loss": 0.06824651100837134}, "Round 43": {"Accuracy/Testing Accuracy": 0.6480519480519481, "Loss/Testing Loss": 1.3131927871084832, "mean_training_loss": 0.4763216198608279}, "Round 44": {"Accuracy/Testing Accuracy": 0.6467532467532467, "Loss/Testing Loss": 1.26899410842301, "mean_training_loss": 0.025111699089757168}, "Round 45": {"Accuracy/Testing Accuracy": 0.6415584415584416, "Loss/Testing Loss": 1.3115751012579187, "mean_training_loss": 0.03445313562063829}, "Round 46": {"Accuracy/Testing Accuracy": 0.6493506493506493, "Loss/Testing Loss": 1.2585658407830573, "mean_training_loss": 0.28159004415252376}, "Round 47": {"Accuracy/Testing Accuracy": 0.6623376623376623, "Loss/Testing Loss": 1.2698212543091216, "mean_training_loss": 0.28946888690384537}, "Round 48": {"Accuracy/Testing Accuracy": 0.6155844155844156, "Loss/Testing Loss": 1.3692940578832256, "mean_training_loss": 0.13233736351562234}, "Round 49": {"Accuracy/Testing Accuracy": 0.6103896103896104, "Loss/Testing Loss": 1.3658897238892393, "mean_training_loss": 0.2770548144044976}, "Round 50": {"Accuracy/Testing Accuracy": 0.6246753246753247, "Loss/Testing Loss": 1.2937646807014167, "mean_training_loss": 0.03744829351512286}, "Round 51": {"Accuracy/Testing Accuracy": 0.6584415584415585, "Loss/Testing Loss": 1.240948504286927, "mean_training_loss": 0.04180369426578502}, "Round 52": {"Accuracy/Testing Accuracy": 0.6558441558441559, "Loss/Testing Loss": 1.2321809960650159, "mean_training_loss": 0.040519548041629605}, "Round 53": {"Accuracy/Testing Accuracy": 0.6558441558441559, "Loss/Testing Loss": 1.2159762506361131, "mean_training_loss": 0.017056875210255385}, "Round 54": {"Accuracy/Testing Accuracy": 0.6675324675324675, "Loss/Testing Loss": 1.2327791220181947, "mean_training_loss": 0.023344721665713365}, "Round 55": {"Accuracy/Testing Accuracy": 0.6701298701298701, "Loss/Testing Loss": 1.2179833563891325,