{"Round 1": {"Accuracy/Testing Accuracy": 0.012987012987012988, "Loss/Testing Loss": 4.517292786883069}, "Round 2": {"Accuracy/Testing Accuracy": 0.08051948051948052, "Loss/Testing Loss": 4.633731802407797}, "Round 3": {"Accuracy/Testing Accuracy": 0.15844155844155844, "Loss/Testing Loss": 4.099384487449349}, "Round 4": {"Accuracy/Testing Accuracy": 0.17532467532467533, "Loss/Testing Loss": 3.7934046287041205}, "Round 5": {"Accuracy/Testing Accuracy": 0.2571428571428571, "Loss/Testing Loss": 3.211970228343815}, "Round 6": {"Accuracy/Testing Accuracy": 0.2597402597402597, "Loss/Testing Loss": 3.370613685830847}, "Round 7": {"Accuracy/Testing Accuracy": 0.35974025974025975, "Loss/Testing Loss": 2.6359952864708838}, "Round 8": {"Accuracy/Testing Accuracy": 0.3103896103896104, "Loss/Testing Loss": 2.6733397651028326}, "Round 9": {"Accuracy/Testing Accuracy": 0.37012987012987014, "Loss/Testing Loss": 2.526667379404043}, "Round 10": {"Accuracy/Testing Accuracy": 0.43246753246753245, "Loss/Testing Loss": 2.2328352141689947}, "Round 11": {"Accuracy/Testing Accuracy": 0.4961038961038961, "Loss/Testing Loss": 1.8571688825433905}, "Round 12": {"Accuracy/Testing Accuracy": 0.5428571428571428, "Loss/Testing Loss": 1.7212768610421714}, "Round 13": {"Accuracy/Testing Accuracy": 0.44285714285714284, "Loss/Testing Loss": 1.9784029929668872}, "Round 14": {"Accuracy/Testing Accuracy": 0.4584415584415584, "Loss/Testing Loss": 1.9785396136246718}, "Round 15": {"Accuracy/Testing Accuracy": 0.4948051948051948, "Loss/Testing Loss": 1.9655941554478236}, "Round 16": {"Accuracy/Testing Accuracy": 0.5064935064935064, "Loss/Testing Loss": 1.8151934372914302}, "Round 17": {"Accuracy/Testing Accuracy": 0.5103896103896104, "Loss/Testing Loss": 1.7976743908671589}, "Round 18": {"Accuracy/Testing Accuracy": 0.5038961038961038, "Loss/Testing Loss": 1.737858036276582}, "Round 19": {"Accuracy/Testing Accuracy": 0.5116883116883116, "Loss/Testing Loss": 1.7220563064921985}, "Round 20": {"Accuracy/Testing Accuracy": 0.5181818181818182, "Loss/Testing Loss": 1.7664950324343396}, "Round 21": {"Accuracy/Testing Accuracy": 0.5545454545454546, "Loss/Testing Loss": 1.6423394565458422}, "Round 22": {"Accuracy/Testing Accuracy": 0.5883116883116883, "Loss/Testing Loss": 1.5194220100130353}, "Round 23": {"Accuracy/Testing Accuracy": 0.5922077922077922, "Loss/Testing Loss": 1.5096308358303911}, "Round 24": {"Accuracy/Testing Accuracy": 0.5428571428571428, "Loss/Testing Loss": 1.595548684566052}, "Round 25": {"Accuracy/Testing Accuracy": 0.5883116883116883, "Loss/Testing Loss": 1.428845026585963}, "Round 26": {"Accuracy/Testing Accuracy": 0.5987012987012987, "Loss/Testing Loss": 1.4190820384335208}, "Round 27": {"Accuracy/Testing Accuracy": 0.5909090909090909, "Loss/Testing Loss": 1.5289733329376618}, "Round 28": {"Accuracy/Testing Accuracy": 0.6350649350649351, "Loss/Testing Loss": 1.2742101706467666}, "Round 29": {"Accuracy/Testing Accuracy": 0.6467532467532467, "Loss/Testing Loss": 1.344989200071855}, "Round 30": {"Accuracy/Testing Accuracy": 0.6506493506493507, "Loss/Testing Loss": 1.2988450332121415}, "Round 31": {"Accuracy/Testing Accuracy": 0.6376623376623377, "Loss/Testing Loss": 1.382252007645446}, "Round 32": {"Accuracy/Testing Accuracy": 0.6597402597402597, "Loss/Testing Loss": 1.2809305785538314}, "Round 33": {"Accuracy/Testing Accuracy": 0.6441558441558441, "Loss/Testing Loss": 1.3185728255804483}, "Round 34": {"Accuracy/Testing Accuracy": 0.6571428571428571, "Loss/Testing Loss": 1.2626939748788808}, "Round 35": {"Accuracy/Testing Accuracy": 0.6571428571428571, "Loss/Testing Loss": 1.2410407208777092}, "Round 36": {"Accuracy/Testing Accuracy": 0.6571428571428571, "Loss/Testing Loss": 1.2029437142533141}, "Round 37": {"Accuracy/Testing Accuracy": 0.6623376623376623, "Loss/Testing Loss": 1.2369794077687448}, "Round 38": {"Accuracy/Testing Accuracy": 0.7025974025974026, "Loss/Testing Loss": 1.1377329519816808}, "Round 39": {"Accuracy/Testing Accuracy": 0.6987012987012987, "Loss/Testing Loss": 1.1210348733059772}, "Round 40": {"Accuracy/Testing Accuracy": 0.7077922077922078, "Loss/Testing Loss": 1.0982276099068777}, "Round 41": {"Accuracy/Testing Accuracy": 0.6818181818181818, "Loss/Testing Loss": 1.203021602197127}, "Round 42": {"Accuracy/Testing Accuracy": 0.6844155844155844, "Loss/Testing Loss": 1.2103505645479475}}