{"Round 1": {"Accuracy/Testing Accuracy": 0.012987012987012988, "Loss/Testing Loss": 4.517293102710278}, "Round 2": {"Accuracy/Testing Accuracy": 0.07922077922077922, "Loss/Testing Loss": 5.765169666339824}, "Round 3": {"Accuracy/Testing Accuracy": 0.04025974025974026, "Loss/Testing Loss": 5.4334897115633085}, "Round 4": {"Accuracy/Testing Accuracy": 0.012987012987012988, "Loss/Testing Loss": 24.64130159848696}, "Round 5": {"Accuracy/Testing Accuracy": 0.012987012987012988, "Loss/Testing Loss": 21.551955032348634}, "Round 6": {"Accuracy/Testing Accuracy": 0.012987012987012988, "Loss/Testing Loss": 53.66496303607891}, "Round 7": {"Accuracy/Testing Accuracy": 0.00909090909090909, "Loss/Testing Loss": 332.5603657511922}, "Round 8": {"Accuracy/Testing Accuracy": 0.01948051948051948, "Loss/Testing Loss": 2478.6157042664368}, "Round 9": {"Accuracy/Testing Accuracy": 0.014285714285714285, "Loss/Testing Loss": 2243.4836869673295}, "Round 10": {"Accuracy/Testing Accuracy": 0.012987012987012988, "Loss/Testing Loss": 156002.97041396104}, "Round 11": {"Accuracy/Testing Accuracy": 0.012987012987012988, "Loss/Testing Loss": 1228495.2886363636}, "Round 12": {"Accuracy/Testing Accuracy": 0.012987012987012988, "Loss/Testing Loss": 627132.0160714285}, "Round 13": {"Accuracy/Testing Accuracy": 0.012987012987012988, "Loss/Testing Loss": 16307701.524675325}, "Round 14": {"Accuracy/Testing Accuracy": 0.012987012987012988, "Loss/Testing Loss": 182951505.2051948}, "Round 15": {"Accuracy/Testing Accuracy": 0.012987012987012988, "Loss/Testing Loss": 249087312.0831169}, "Round 16": {"Accuracy/Testing Accuracy": 0.012987012987012988, "Loss/Testing Loss": 23195428262.8987}, "Round 17": {"Accuracy/Testing Accuracy": 0.012987012987012988, "Loss/Testing Loss": 10890151287236.156}, "Round 18": {"Accuracy/Testing Accuracy": 0.005194805194805195, "Loss/Testing Loss": 117659301647516.92}, "Round 19": {"Accuracy/Testing Accuracy": 0.012987012987012988, "Loss/Testing Loss": 253211651929266.2}, "Round 20": {"Accuracy/Testing Accuracy": 0.012987012987012988, "Loss/Testing Loss": NaN}, "Round 21": {"Accuracy/Testing Accuracy": 0.012987012987012988, "Loss/Testing Loss": NaN}, "Round 22": {"Accuracy/Testing Accuracy": 0.012987012987012988, "Loss/Testing Loss": NaN}, "Round 23": {"Accuracy/Testing Accuracy": 0.012987012987012988, "Loss/Testing Loss": NaN}, "Round 24": {"Accuracy/Testing Accuracy": 0.012987012987012988, "Loss/Testing Loss": NaN}, "Round 25": {"Accuracy/Testing Accuracy": 0.012987012987012988, "Loss/Testing Loss": NaN}, "Round 26": {"Accuracy/Testing Accuracy": 0.012987012987012988, "Loss/Testing Loss": NaN}, "Round 27": {"Accuracy/Testing Accuracy": 0.012987012987012988, "Loss/Testing Loss": NaN}, "Round 28": {"Accuracy/Testing Accuracy": 0.012987012987012988, "Loss/Testing Loss": NaN}, "Round 29": {"Accuracy/Testing Accuracy": 0.012987012987012988, "Loss/Testing Loss": NaN}, "Round 30": {"Accuracy/Testing Accuracy": 0.012987012987012988, "Loss/Testing Loss": NaN}, "Round 31": {"Accuracy/Testing Accuracy": 0.012987012987012988, "Loss/Testing Loss": NaN}, "Round 32": {"Accuracy/Testing Accuracy": 0.012987012987012988, "Loss/Testing Loss": NaN}, "Round 33": {"Accuracy/Testing Accuracy": 0.012987012987012988, "Loss/Testing Loss": NaN}, "Round 34": {"Accuracy/Testing Accuracy": 0.012987012987012988, "Loss/Testing Loss": NaN}, "Round 35": {"Accuracy/Testing Accuracy": 0.012987012987012988, "Loss/Testing Loss": NaN}, "Round 36": {"Accuracy/Testing Accuracy": 0.012987012987012988, "Loss/Testing Loss": NaN}, "Round 37": {"Accuracy/Testing Accuracy": 0.012987012987012988, "Loss/Testing Loss": NaN}, "Round 38": {"Accuracy/Testing Accuracy": 0.012987012987012988, "Loss/Testing Loss": NaN}, "Round 39": {"Accuracy/Testing Accuracy": 0.012987012987012988, "Loss/Testing Loss": NaN}, "Round 40": {"Accuracy/Testing Accuracy": 0.012987012987012988, "Loss/Testing Loss": NaN}, "Round 41": {"Accuracy/Testing Accuracy": 0.012987012987012988, "Loss/Testing Loss": NaN}, "Round 42": {"Accuracy/Testing Accuracy": 0.012987012987012988, "Loss/Testing Loss": NaN}, "Round 43": {"Accuracy/Testing Accuracy": 0.012987012987012988, "Loss/Testing Loss": NaN}, "Round 44": {"Accuracy/Testing Accuracy": 0.012987012987012988, "Loss/Testing Loss": NaN}, "Round 45": {"Accuracy/Testing Accuracy": 0.012987012987012988, "Loss/Testing Loss": NaN}, "Round 46": {"Accuracy/Testing Accuracy": 0.012987012987012988, "Loss/Testing Loss": NaN}, "Round 47": {"Accuracy/Testing Accuracy": 0.012987012987012988, "Loss/Testing Loss": NaN}, "Round 48": {"Accuracy/Testing Accuracy": 0.012987012987012988, "Loss/Testing Loss": NaN}, "Round 49": {"Accuracy/Testing Accuracy": 0.012987012987012988, "Loss/Testing Loss": NaN}, "Round 50": {"Accuracy/Testing Accuracy": 0.012987012987012988, "Loss/Testing Loss": NaN}, "Round 51": {"Accuracy/Testing Accuracy": 0.012987012987012988, "Loss/Testing Loss": NaN}, "Round 52": {"Accuracy/Testing Accuracy": 0.012987012987012988, "Loss/Testing Loss": NaN}, "Round 53": {"Accuracy/Testing Accuracy": 0.012987012987012988, "Loss/Testing Loss": NaN}, "Round 54": {"Accuracy/Testing Accuracy": 0.012987012987012988, "Loss/Testing Loss": NaN}, "Round 55": {"Accuracy/Testing Accuracy": 0.012987012987012988, "Loss/Testing Loss": NaN}, "Round 56": {"Accuracy/Testing Accuracy": 0.012987012987012988, "Loss/Testing Loss": NaN}, "Round 57": {"Accuracy/Testing Accuracy": 0.012987012987012988, "Loss/Testing Loss": NaN}, "Round 58": {"Accuracy/Testing Accuracy": 0.012987012987012988, "Loss/Testing Loss": NaN}, "Round 59": {"Accuracy/Testing Accuracy": 0.012987012987012988, "Loss/Testing Loss": NaN}, "Round 60": {"Accuracy/Testing Accuracy": 0.012987012987012988, "Loss/Testing Loss": NaN}, "Round 61": {"Accuracy/Testing Accuracy": 0.012987012987012988, "Loss/Testing Loss": NaN}, "Round 62": {"Accuracy/Testing Accuracy": 0.012987012987012988, "Loss/Testing Loss": NaN}, "Round 63": {"Accuracy/Testing Accuracy": 0.012987012987012988, "Loss/Testing Loss": NaN}, "Round 64": {"Accuracy/Testing Accuracy": 0.012987012987012988, "Loss/Testing Loss": NaN}, "Round 65": {"Accuracy/Testing Accuracy": 0.012987012987012988, "Loss/Testing Loss": NaN}, "Round 66": {"Accuracy/Testing Accuracy": 0.012987012987012988, "Loss/Testing Loss": NaN}, "Round 67": {"Accuracy/Testing Accuracy": 0.012987012987012988, "Loss/Testing Loss": NaN}, "Round 68": {"Accuracy/Testing Accuracy": 0.012987012987012988, "Loss/Testing Loss": NaN}, "Round 69": {"Accuracy/Testing Accuracy": 0.012987012987012988, "Loss/Testing Loss": NaN}, "Round 70": {"Accuracy/Testing Accuracy": 0.012987012987012988, "Loss/Testing Loss": NaN}, "Round 71": {"Accuracy/Testing Accuracy": 0.012987012987012988, "Loss/Testing Loss": NaN}, "Round 72": {"Accuracy/Testing Accuracy": 0.012987012987012988, "Loss/Testing Loss": NaN}, "Round 73": {"Accuracy/Testing Accuracy": 0.012987012987012988, "Loss/Testing Loss": NaN}, "Round 74": {"Accuracy/Testing Accuracy": 0.012987012987012988, "Loss/Testing Loss": NaN}, "Round 75": {"Accuracy/Testing Accuracy": 0.012987012987012988, "Loss/Testing Loss": NaN}, "Round 76": {"Accuracy/Testing Accuracy": 0.012987012987012988, "Loss/Testing Loss": NaN}, "Round 77": {"Accuracy/Testing Accuracy": 0.012987012987012988, "Loss/Testing Loss": NaN}, "Round 78": {"Accuracy/Testing Accuracy": 0.012987012987012988, "Loss/Testing Loss": NaN}, "Round 79": {"Accuracy/Testing Accuracy": 0.012987012987012988, "Loss/Testing Loss": NaN}, "Round 80": {"Accuracy/Testing Accuracy": 0.012987012987012988, "Loss/Testing Loss": NaN}, "Round 81": {"Accuracy/Testing Accuracy": 0.012987012987012988, "Loss/Testing Loss": NaN}, "Round 82": {"Accuracy/Testing Accuracy": 0.012987012987012988, "Loss/Testing Loss": NaN}, "Round 83": {"Accuracy/Testing Accuracy": 0.012987012987012988, "Loss/Testing Loss": NaN}, "Round 84": {"Accuracy/Testing Accuracy": 0.012987012987012988, "Loss/Testing Loss": NaN}, "Round 85": {"Accuracy/Testing Accuracy": 0.012987012987012988, "Loss/Testing Loss": NaN},