{"Accuracy/Testing Accuracy": 0.2805194805194805, "Loss/Testing Loss": 3.259553740241311, "_timestamp": 1671592860.9259737, "_runtime": 130.22701859474182, "_step": 2, "mean_training_loss": 0.8434503797627986, "_wandb": {"runtime": 448}}