{"Accuracy/Testing Accuracy": 0.4831168831168831, "Loss/Testing Loss": 1.9815459715855586, "_timestamp": 1671639435.9390254, "_runtime": 634.200745344162, "_step": 3, "mean_training_loss": 0.9313018830617269}