{"Round 1": {"Accuracy/Testing Accuracy": 0.012987012987012988, "Loss/Testing Loss": 4.517292786883069, "mean_training_loss": 2.1842590595546523}, "Round 2": {"Accuracy/Testing Accuracy": 0.21298701298701297, "Loss/Testing Loss": 3.4260249205998012, "mean_training_loss": 1.5163484406471253}, "Round 3": {"Accuracy/Testing Accuracy": 0.3051948051948052, "Loss/Testing Loss": 2.7599939494938046, "mean_training_loss": 1.0688249468803406}, "Round 4": {"Accuracy/Testing Accuracy": 0.42987012987012985, "Loss/Testing Loss": 2.209165078324157, "mean_training_loss": 0.6810240904490154}, "Round 5": {"Accuracy/Testing Accuracy": 0.42337662337662335, "Loss/Testing Loss": 2.0874322600178905, "mean_training_loss": 0.6486812546849251}, "Round 6": {"Accuracy/Testing Accuracy": 0.42337662337662335, "Loss/Testing Loss": 2.118911701053768, "mean_training_loss": 1.1112641821304958}, "Round 7": {"Accuracy/Testing Accuracy": 0.4896103896103896, "Loss/Testing Loss": 1.805136052044955, "mean_training_loss": 0.6156876134872437}, "Round 8": {"Accuracy/Testing Accuracy": 0.4675324675324675, "Loss/Testing Loss": 1.8860087357558213, "mean_training_loss": 0.7807239854335786}, "Round 9": {"Accuracy/Testing Accuracy": 0.5142857142857142, "Loss/Testing Loss": 1.6600645446158075, "mean_training_loss": 0.599641325218337}, "Round 10": {"Accuracy/Testing Accuracy": 0.6168831168831169, "Loss/Testing Loss": 1.275054744621376, "mean_training_loss": 0.21444491893053055}, "Round 11": {"Accuracy/Testing Accuracy": 0.6831168831168831, "Loss/Testing Loss": 1.1365366554879524, "mean_training_loss": 0.15148109048604966}, "Round 12": {"Accuracy/Testing Accuracy": 0.6844155844155844, "Loss/Testing Loss": 1.089396623512367, "mean_training_loss": 0.08383998622496923}, "Round 13": {"Accuracy/Testing Accuracy": 0.7025974025974026, "Loss/Testing Loss": 1.0087466363783006, "mean_training_loss": 0.2294663546979427}, "Round 14": {"Accuracy/Testing Accuracy": 0.6922077922077922, "Loss/Testing Loss": 1.0951210034358037, "mean_training_loss": 0.5038786565264066}, "Round 15": {"Accuracy/Testing Accuracy": 0.6818181818181818, "Loss/Testing Loss": 1.116839228047953, "mean_training_loss": 1.7224957258863882}, "Round 16": {"Accuracy/Testing Accuracy": 0.6883116883116883, "Loss/Testing Loss": 1.0502298819554317, "mean_training_loss": 0.5043059138690723}, "Round 17": {"Accuracy/Testing Accuracy": 0.712987012987013, "Loss/Testing Loss": 0.9667379890169416, "mean_training_loss": 0.06261734903923102}, "Round 18": {"Accuracy/Testing Accuracy": 0.7480519480519481, "Loss/Testing Loss": 0.9120091004805131, "mean_training_loss": 0.2793027465542158}, "Round 19": {"Accuracy/Testing Accuracy": 0.7376623376623377, "Loss/Testing Loss": 0.8817349909187912, "mean_training_loss": 0.05644631493422721}, "Round 20": {"Accuracy/Testing Accuracy": 0.7584415584415585, "Loss/Testing Loss": 0.8366932136671884, "mean_training_loss": 0.28645632056628956}, "Round 21": {"Accuracy/Testing Accuracy": 0.7597402597402597, "Loss/Testing Loss": 0.8074444489045577, "mean_training_loss": 0.07040244678656261}, "Round 22": {"Accuracy/Testing Accuracy": 0.7584415584415585, "Loss/Testing Loss": 0.8129971024277922, "mean_training_loss": 0.03674338201859168}, "Round 23": {"Accuracy/Testing Accuracy": 0.7636363636363637, "Loss/Testing Loss": 0.807608581518198, "mean_training_loss": 0.04341676882468164}, "Round 24": {"Accuracy/Testing Accuracy": 0.7376623376623377, "Loss/Testing Loss": 0.9483307284194153, "mean_training_loss": 0.7819759047644981}, "Round 25": {"Accuracy/Testing Accuracy": 0.7428571428571429, "Loss/Testing Loss": 0.8970564348357064, "mean_training_loss": 1.8329429072542833}, "Round 26": {"Accuracy/Testing Accuracy": 0.7116883116883117, "Loss/Testing Loss": 1.040054117239915, "mean_training_loss": 0.019092907214706595}, "Round 27": {"Accuracy/Testing Accuracy": 0.7363636363636363, "Loss/Testing Loss": 0.92199021469463, "mean_training_loss": 0.12212625233964487}, "Round 28": {"Accuracy/Testing Accuracy": 0.7038961038961039, "Loss/Testing Loss": 1.0070602438666605, "mean_training_loss": 0.02229719120077789}, "Round 29": {"Accuracy/Testing Accuracy": 0.7558441558441559, "Loss/Testing Loss": 0.8875937166152063, "mean_training_loss": 0.09565259310106436}, "Round 30": {"Accuracy/Testing Accuracy": 0.7311688311688311, "Loss/Testing Loss": 0.9707153921003465, "mean_training_loss": 0.0325944709032774}, "Round 31": {"Accuracy/Testing Accuracy": 0.7285714285714285, "Loss/Testing Loss": 0.9634330785119688, "mean_training_loss": 0.03876773427639689}, "Round 32": {"Accuracy/Testing Accuracy": 0.7519480519480519, "Loss/Testing Loss": 0.8767484570478464, "mean_training_loss": 0.01256683529354632}, "Round 33": {"Accuracy/Testing Accuracy": 0.7623376623376623, "Loss/Testing Loss": 0.8378185964249946, "mean_training_loss": 0.010968428910044688}, "Round 34": {"Accuracy/Testing Accuracy": 0.7350649350649351, "Loss/Testing Loss": 0.9647654568994201, "mean_training_loss": 0.8170423157513141}}