{"Round 1": {"Accuracy/Testing Accuracy": 0.012987012987012988, "Loss/Testing Loss": 4.517292786883069}, "Round 2": {"Accuracy/Testing Accuracy": 0.21298701298701297, "Loss/Testing Loss": 3.4260249205998012}, "Round 3": {"Accuracy/Testing Accuracy": 0.38701298701298703, "Loss/Testing Loss": 2.4226554982073893}, "Round 4": {"Accuracy/Testing Accuracy": 0.5298701298701298, "Loss/Testing Loss": 1.8225486690347845}, "Round 5": {"Accuracy/Testing Accuracy": 0.538961038961039, "Loss/Testing Loss": 1.6735074331234028}, "Round 6": {"Accuracy/Testing Accuracy": 0.6155844155844156, "Loss/Testing Loss": 1.4459935643456199}, "Round 7": {"Accuracy/Testing Accuracy": 0.6402597402597403, "Loss/Testing Loss": 1.262236652745829}, "Round 8": {"Accuracy/Testing Accuracy": 0.6805194805194805, "Loss/Testing Loss": 1.1255857442880606}, "Round 9": {"Accuracy/Testing Accuracy": 0.6779220779220779, "Loss/Testing Loss": 1.1168263673782348}, "Round 10": {"Accuracy/Testing Accuracy": 0.6961038961038961, "Loss/Testing Loss": 1.0441209186207165}, "Round 11": {"Accuracy/Testing Accuracy": 0.7103896103896103, "Loss/Testing Loss": 0.989125182721522}, "Round 12": {"Accuracy/Testing Accuracy": 0.7051948051948052, "Loss/Testing Loss": 0.9681350353476289}, "Round 13": {"Accuracy/Testing Accuracy": 0.6961038961038961, "Loss/Testing Loss": 1.0553104440887253}, "Round 14": {"Accuracy/Testing Accuracy": 0.6961038961038961, "Loss/Testing Loss": 1.0257840213837561}, "Round 15": {"Accuracy/Testing Accuracy": 0.6857142857142857, "Loss/Testing Loss": 1.0935269306232402}, "Round 16": {"Accuracy/Testing Accuracy": 0.6974025974025974, "Loss/Testing Loss": 1.0344588018082954}, "Round 17": {"Accuracy/Testing Accuracy": 0.7402597402597403, "Loss/Testing Loss": 0.9063142325971034}, "Round 18": {"Accuracy/Testing Accuracy": 0.7428571428571429, "Loss/Testing Loss": 0.8665435620716639}, "Round 19": {"Accuracy/Testing Accuracy": 0.7558441558441559, "Loss/Testing Loss": 0.8543310262940147}, "Round 20": {"Accuracy/Testing Accuracy": 0.7441558441558441, "Loss/Testing Loss": 0.8802042975054158}, "Round 21": {"Accuracy/Testing Accuracy": 0.7415584415584415, "Loss/Testing Loss": 0.8336189415547754}, "Round 22": {"Accuracy/Testing Accuracy": 0.7181818181818181, "Loss/Testing Loss": 0.9388414756044164}, "Round 23": {"Accuracy/Testing Accuracy": 0.7480519480519481, "Loss/Testing Loss": 0.8533972924405878}, "Round 24": {"Accuracy/Testing Accuracy": 0.7415584415584415, "Loss/Testing Loss": 0.8276471667475515}, "Round 25": {"Accuracy/Testing Accuracy": 0.7194805194805195, "Loss/Testing Loss": 0.9867778898833635}, "Round 26": {"Accuracy/Testing Accuracy": 0.7220779220779221, "Loss/Testing Loss": 1.0012338314737592}, "Round 27": {"Accuracy/Testing Accuracy": 0.6987012987012987, "Loss/Testing Loss": 1.0644253817471592}, "Round 28": {"Accuracy/Testing Accuracy": 0.6961038961038961, "Loss/Testing Loss": 1.0187550451848415}, "Round 29": {"Accuracy/Testing Accuracy": 0.7428571428571429, "Loss/Testing Loss": 0.895735125882285}, "Round 30": {"Accuracy/Testing Accuracy": 0.7480519480519481, "Loss/Testing Loss": 0.8546935076837415}, "Round 31": {"Accuracy/Testing Accuracy": 0.7051948051948052, "Loss/Testing Loss": 1.0017744130902475}, "Round 32": {"Accuracy/Testing Accuracy": 0.7519480519480519, "Loss/Testing Loss": 0.899855162571003}, "Round 33": {"Accuracy/Testing Accuracy": 0.7012987012987013, "Loss/Testing Loss": 1.0964713579648502}, "Round 34": {"Accuracy/Testing Accuracy": 0.6961038961038961, "Loss/Testing Loss": 1.08965552131851}, "Round 35": {"Accuracy/Testing Accuracy": 0.7012987012987013, "Loss/Testing Loss": 1.078058265710806}, "Round 36": {"Accuracy/Testing Accuracy": 0.7467532467532467, "Loss/Testing Loss": 0.9351466141737901}, "Round 37": {"Accuracy/Testing Accuracy": 0.7337662337662337, "Loss/Testing Loss": 0.9738747794906815}, "Round 38": {"Accuracy/Testing Accuracy": 0.7558441558441559, "Loss/Testing Loss": 0.9067353826064568}, "Round 39": {"Accuracy/Testing Accuracy": 0.7701298701298701, "Loss/Testing Loss": 0.8708276980883115}, "Round 40": {"Accuracy/Testing Accuracy": 0.7363636363636363, "Loss/Testing Loss": 0.9719561251727018}, "Round 41": {"Accuracy/Testing Accuracy": 0.7571428571428571, "Loss/Testing Loss": 0.9240590807679412}, "Round 42": {"Accuracy/Testing Accuracy": 0.7623376623376623, "Loss/Testing Loss": 0.8750662006341018}, "Round 43": {"Accuracy/Testing Accuracy": 0.7415584415584415, "Loss/Testing Loss": 0.9807284115196823}, "Round 44": {"Accuracy/Testing Accuracy": 0.7506493506493507, "Loss/Testing Loss": 0.9214877994029553}, "Round 45": {"Accuracy/Testing Accuracy": 0.7077922077922078, "Loss/Testing Loss": 1.0863746729764072}, "Round 46": {"Accuracy/Testing Accuracy": 0.7, "Loss/Testing Loss": 1.1374936156458668}, "Round 47": {"Accuracy/Testing Accuracy": 0.7376623376623377, "Loss/Testing Loss": 1.0171781629711003}, "Round 48": {"Accuracy/Testing Accuracy": 0.7441558441558441, "Loss/Testing Loss": 0.9699035697169118}, "Round 49": {"Accuracy/Testing Accuracy": 0.7571428571428571, "Loss/Testing Loss": 0.9442587730172393}, "Round 50": {"Accuracy/Testing Accuracy": 0.7597402597402597, "Loss/Testing Loss": 0.9284204769444157}, "Round 51": {"Accuracy/Testing Accuracy": 0.7155844155844155, "Loss/Testing Loss": 1.10975067956107}, "Round 52": {"Accuracy/Testing Accuracy": 0.7597402597402597, "Loss/Testing Loss": 0.9429493343675291}, "Round 53": {"Accuracy/Testing Accuracy": 0.7597402597402597, "Loss/Testing Loss": 0.9214513473696523}, "Round 54": {"Accuracy/Testing Accuracy": 0.7285714285714285, "Loss/Testing Loss": 1.033212015381107}, "Round 55": {"Accuracy/Testing Accuracy": 0.7662337662337663, "Loss/Testing Loss": 0.9317155748218685}, "Round 56": {"Accuracy/Testing Accuracy": 0.7090909090909091, "Loss/Testing Loss": 1.1389430321656264}, "Round 57": {"Accuracy/Testing Accuracy": 0.6636363636363637, "Loss/Testing Loss": 1.3071630341666085}, "Round 58": {"Accuracy/Testing Accuracy": 0.6896103896103896, "Loss/Testing Loss": 1.1909835964054256}, "Round 59": {"Accuracy/Testing Accuracy": 0.7246753246753247, "Loss/Testing Loss": 1.0122636355362928}, "Round 60": {"Accuracy/Testing Accuracy": 0.7194805194805195, "Loss/Testing Loss": 1.1552274592511065}, "Round 61": {"Accuracy/Testing Accuracy": 0.687012987012987, "Loss/Testing Loss": 1.2609687675129284}, "Round 62": {"Accuracy/Testing Accuracy": 0.6714285714285714, "Loss/Testing Loss": 1.350334112675159}, "Round 63": {"Accuracy/Testing Accuracy": 0.6883116883116883, "Loss/Testing Loss": 1.3369967891024304}}