{"Accuracy/Testing Accuracy": 0.012987012987012988, "Loss/Testing Loss": 4.517292786883069, "_timestamp": 1671638788.9850469, "_runtime": 10.486869812011719, "_step": 0, "_wandb": {"runtime": 111}}