{"Accuracy/Testing Accuracy": 0.012987012987012988, "Loss/Testing Loss": 4.517292786883069, "_timestamp": 1671639815.0099175, "_runtime": 9.437974452972412, "_step": 0, "_wandb": {"runtime": 109}}