{"Round 1": {"selectd_client": [1, 2, 7, 3, 5], "training_loss": {"client_1": [4.012655443615383, 2.101346777545081, 0.7805890043576559, 0.24053878833850226, 0.0923779375023312], "client_2": [4.032192285855611, 1.9586579163869222, 0.7302241951227189, 0.24562420969208082, 0.10273945244650046], "client_3": [4.057513630390167, 2.1238432705402372, 0.8197437852621079, 0.29862022772431374, 0.14279586896300317], "client_5": [3.9429711997509003, 1.8651318922638893, 0.6087194681167603, 0.17653555562719703, 0.09618324530310929], "client_7": [4.044725882379632, 2.0130966901779175, 0.7225548577936072, 0.2376080798475366, 0.0865034006143871]}}, "Round 2": {"selectd_client": [3, 0, 2, 7, 9], "training_loss": {"client_0": [2.7729865312576294, 1.1134362777074178, 0.9897167563438416, 0.5863046685854594, 0.42051814397176107], "client_2": [1.912440284093221, 0.5424196829398473, 0.15111722461879254, 0.05010355083892743, 0.021175444529702266], "client_3": [1.9479563117027283, 0.44453689008951186, 0.12152329720556736, 0.06014440534636378, 0.04796079741790891], "client_7": [1.8458335964303267, 0.410941282385274, 0.10064347068730153, 0.04073723905572766, 0.03339746937547859], "client_9": [2.9216464318727193, 0.9054624218689767, 0.24553457294639788, 0.07523824666675769, 0.03380749129543179]}}, "Round 3": {"selectd_client": [1, 2, 9, 5, 7], "training_loss": {"client_1": [1.5590592092937894, 0.4367070843776067, 0.1351536615855164, 0.06323735757420461, 0.048309943431781396], "client_2": [0.8767375806967418, 0.22315467943747838, 0.0646638460457325, 0.04058663143465916, 0.019981789154311022], "client_5": [1.3953930996358395, 0.26921648578718305, 0.09319473919458687, 0.030244932509958744, 0.017523103568237275], "client_7": [0.8341105266621238, 0.18740907311439514, 0.053716699641786124, 0.0242328556548608, 0.013210015910628595], "client_9": [1.2572492455181323, 0.2427262071716158, 0.0680817153893019, 0.025472650500504596, 0.017716460763231703]}}, "Round 4": {"selectd_client": [1, 4, 3, 0, 7], "training_loss": {"client_0": [1.280050814151764, 0.6462283233801523, 0.5446843673785527, 0.5538839017351468, 0.54760213692983], "client_1": [0.5934430427021451, 0.18464631587266922, 0.09304165612492296, 0.05198754815177785, 0.022240164534499247], "client_3": [0.9599546968936921, 0.24991807229816915, 0.09362331628799439, 0.03127709142863751, 0.018842507852241397], "client_4": [1.9555063808665556, 0.46662863738396587, 0.13391136071261237, 0.048710094874396044, 0.01771683996433721], "client_7": [0.35022307540241043, 0.08943299694280875, 0.02778617547530877, 0.01349393131309434, 0.00882021313239085]}}, "Round 5": {"selectd_client": [7, 1, 4, 6, 3], "training_loss": {"client_1": [0.32809024800856906, 0.10157348091403644, 0.05853098165243864, 0.038735025458865695, 0.015516176716321044], "client_3": [0.4126120887696743, 0.1796262629330158, 0.07057788418605923, 0.027959288191050292, 0.02202038886025548], "client_4": [0.796442003811107, 0.18019139065462, 0.060970963471952605, 0.022264433641205814, 0.010766788385808468], "client_6": [1.6800287266572316, 0.26477887481451035, 0.07897947713111837, 0.03112883974487583, 0.013513710466213524], "client_7": [0.2748800829837197, 0.06899073063150833, 0.021599469755433108, 0.011162665427515381, 0.008040182341478373]}}, "Round 6": {"selectd_client": [5, 3, 9, 8, 7], "training_loss": {"client_3": [0.19245100654661657, 0.0507383918389678, 0.02004273571074009, 0.010406307503581047, 0.0071656584274023775], "client_5": [0.6959943473339081, 0.23971571307629347, 0.08492432255297899, 0.030105806479696184, 0.0170043968828395], "client_7": [0.14150825240894369, 0.046525773543276285, 0.018880335344491822, 0.00908502735393612, 0.007280859238419093], "client_8": [1.4354859269582307, 0.24875610321760178, 0.12743194716481063, 0.059338152408599854, 0.03531156723889021], "client_9": [0.8152162385614294, 0.25766875398786443, 0.1162180233942835, 0.03111367354071454, 0.01228466066286752]}}, "Round 7": {"selectd_client": [7, 2, 4, 9, 6], "training_loss": {"client_2": [0.6167969326178233, 0.2116394432882468, 0.08370930484185617, 0.027054827939718962, 0.009539898795386156], "client_4": [0.6020711642854354, 0.13665168885799014, 0.07336130628691, 0.03101723049493397, 0.01153799458680784], "client_6": [0.6785398771365484, 0.1282328258578976, 0.04347096073130766, 0.01679645754241695, 0.008862249126347402], "client_7": [0.13841644978444828, 0.03207379476608414, 0.01148618446466954, 0.009236798768765047, 0.006064071467048244], "client_9": [0.24701473626651263, 0.05982379811374765, 0.02520208707765529, 0.01155037923078788, 0.007421077131048629]}}, "Round 8": {"selectd_client": [3, 5, 1, 4, 8], "training_loss": {"client_1": [0.3613012391659949, 0.15143434165252578, 0.07013503358595902, 0.05754283437919286, 0.01821447047404945], "client_3": [0.22020477801561356, 0.0658430552110076, 0.029304616199806333, 0.01863794415257871, 0.04083709537517279], "client_4": [0.1583141923389014, 0.03953333834514899, 0.017255573314340675, 0.009244801312246743, 0.006936084807795637], "client_5": [0.28124238178133965, 0.06435418175533414, 0.060863463731948286, 0.034986750688403845, 0.009464458882575855], "client_8": [0.5671356664254115, 0.15191569379889047, 0.056410099451358504, 0.0174671126744495, 0.012100513863305632]}}, "Round 9": {"selectd_client": [6, 9, 3, 4, 8], "training_loss": {"client_3": [0.1390397645533085, 0.07155046667903661, 0.03443841077387333, 0.012869174219667911, 0.006517052103299647], "client_4": [0.11675484368906301, 0.025715272380586934, 0.016771530184675667, 0.007762297056615353, 0.005149416159838438], "client_6": [0.2821543862422307, 0.0503209475427866, 0.020247420916954677, 0.008427258231677115, 0.007517198139491181], "client_8": [0.18942053787983382, 0.05976590155982054, 0.03592031692656187, 0.016484595620288298, 0.012282935293534627], "client_9": [0.23095254835329557, 0.06176476141339854, 0.034612901067655334, 0.0185317030960792, 0.009235065222080601]}}, "Round 10": {"selectd_client": [6, 8, 7, 2, 3], "training_loss": {"client_2": [0.36551760708292325, 0.15440453700721263, 0.08271920575449863, 0.03935268502682447, 0.01586576383560896], "client_3": [0.05089414827525616, 0.015071556367911399, 0.009357980987988412, 0.005776732566300779, 0.0042640252155251804], "client_6": [0.08443060051649809, 0.02569469134323299, 0.013677858126660189, 0.010184388685350617, 0.006175981562895079], "client_7": [0.13876902194399582, 0.031265459219483954, 0.010890317345528226, 0.007215280624988832, 0.004767632638839514], "client_8": [0.07114039476101215, 0.02150367429623237, 0.01280796409656222, 0.0083697411374977, 0.00883105148274738]}}, "Round 11": {"selectd_client": [6, 5, 8, 3, 1], "training_loss": {"client_1": [0.1461307948662175, 0.06616551061678264, 0.04526056830460826, 0.02045363901803891, 0.020478805320130453], "client_3": [0.03703577290289104, 0.01162738015409559, 0.006669103377498686, 0.0049728899379260835, 0.003667164780199528], "client_5": [0.17710251873359084, 0.044209996762219816, 0.03308233816642314, 0.03831837454345077, 0.029055212042294443], "client_6": [0.06767541666825612, 0.017155783871809643, 0.011673707980662584, 0.006066836571941773, 0.004917178477626294], "client_8": [0.06577528124818435, 0.022746512451424047, 0.013752720748575835, 0.009559288209017653, 0.005289918349052851]}}, "Round 12": {"selectd_client": [5, 4, 0, 2, 6], "training_loss": {"client_0": [0.7377448558807373, 0.748932887117068, 0.8283278206984203, 0.6881945947806041, 0.5976705700159073], "client_2": [0.11401670935253302, 0.05848236692448457, 0.02099441575507323, 0.010108097440873582, 0.007320334863228102], "client_4": [0.1284677370944444, 0.029711588066728675, 0.013225553283358322, 0.006960259791573181, 0.00413564099546741], "client_5": [0.056736727070529014, 0.05176423751981929, 0.051569034811109304, 0.04270396410720423, 0.019403790589421988], "client_6": [0.038230547681450844, 0.011764602541613082, 0.009090603872512778, 0.006180003673459093, 0.004043662513140589]}}, "Round 13": {"selectd_client": [0, 3, 4, 7, 8],