{"Accuracy/Testing Accuracy": 0.012987012987012988, "Loss/Testing Loss": 4.517341133216759, "_timestamp": 1671593295.5585415, "_runtime": 17.808756589889526, "_step": 0, "_wandb": {"runtime": 35}}