{"Accuracy/Testing Accuracy": 0.012987012987012988, "Loss/Testing Loss": 4.517341133216759, "_timestamp": 1671591798.794102, "_runtime": 17.856466054916382, "_step": 0, "_wandb": {"runtime": 73}}