{"Accuracy/Testing Accuracy": 0.6987012987012987, "Loss/Testing Loss": 1.1625896556036812, "_timestamp": 1671638580.421296, "_runtime": 10555.380890846252, "_step": 39, "mean_training_loss": 0.007588073099644757}