{"Accuracy/Testing Accuracy": 0.7194805194805195, "Loss/Testing Loss": 0.987903524993302, "_timestamp": 1671642256.3660393, "_runtime": 2429.358802318573, "_step": 15, "mean_training_loss": 0.05906948652834846}