{"Accuracy/Testing Accuracy": 0.012987012987012988, "Loss/Testing Loss": 4.517341133216759, "_timestamp": 1671592179.656151, "_runtime": 16.822615146636963, "_step": 0, "_wandb": {"runtime": 78}}