{"Accuracy/Testing Accuracy": 0.6974025974025974, "Loss/Testing Loss": 1.0065881828209022, "_timestamp": 1671642185.6642826, "_runtime": 2352.0021276474, "_step": 10, "mean_training_loss": 0.12454336315393448}