{"Accuracy/Testing Accuracy": 0.012987012987012988, "Loss/Testing Loss": 4.517341133216759, "_timestamp": 1671602706.0504327, "_runtime": 33.822529792785645, "_step": 0}