{"Accuracy/Testing Accuracy": 0.7623376623376623, "Loss/Testing Loss": 0.8750662006341018, "_timestamp": 1671638477.2799642, "_runtime": 10499.564660310745, "_step": 41, "mean_training_loss": 0.05103720429500467}