{"Accuracy/Testing Accuracy": 0.2701298701298701, "Loss/Testing Loss": 3.342646936317543, "_timestamp": 1671599098.0469363, "_runtime": 757.2589163780212, "_step": 1, "mean_training_loss": 1.4139679515610137, "_wandb": {"runtime": 990}}