{"Accuracy/Testing Accuracy": 0.012987012987012988, "Loss/Testing Loss": 4.517341133216759, "_timestamp": 1671591915.0500016, "_runtime": 17.41824460029602, "_step": 0, "_wandb": {"runtime": 246}}