{"Accuracy/Testing Accuracy": 0.4597402597402597, "Loss/Testing Loss": 2.1294199150878113, "_timestamp": 1671608831.0957565, "_runtime": 2160.6523764133453, "_step": 3, "mean_training_loss": 0.34158004446886475, "_wandb": {"runtime": 2340}}