{"Round 1": {"Accuracy/Testing Accuracy": 0.012987012987012988, "Loss/Testing Loss": 4.517292786883069, "mean_training_loss": 1.4350043890115463}, "Round 2": {"Accuracy/Testing Accuracy": 0.05844155844155844, "Loss/Testing Loss": 4.1255080706113345, "mean_training_loss": 1.098579098172486}, "Round 3": {"Accuracy/Testing Accuracy": 0.17012987012987013, "Loss/Testing Loss": 3.652307877602515, "mean_training_loss": 0.8764217624342757}, "Round 4": {"Accuracy/Testing Accuracy": 0.2701298701298701, "Loss/Testing Loss": 3.126492611154333, "mean_training_loss": 0.7569706996793256}, "Round 5": {"Accuracy/Testing Accuracy": 0.32987012987012987, "Loss/Testing Loss": 2.7395758672194046, "mean_training_loss": 0.5177876113864937}, "Round 6": {"Accuracy/Testing Accuracy": 0.38441558441558443, "Loss/Testing Loss": 2.4195379368670573, "mean_training_loss": 0.7441578185984068}, "Round 7": {"Accuracy/Testing Accuracy": 0.44285714285714284, "Loss/Testing Loss": 2.138935577714598, "mean_training_loss": 0.3405524997369331}, "Round 8": {"Accuracy/Testing Accuracy": 0.4961038961038961, "Loss/Testing Loss": 1.8666787803947151, "mean_training_loss": 0.3484612163289317}, "Round 9": {"Accuracy/Testing Accuracy": 0.535064935064935, "Loss/Testing Loss": 1.7376666487037362, "mean_training_loss": 0.47796796499328176}, "Round 10": {"Accuracy/Testing Accuracy": 0.5558441558441558, "Loss/Testing Loss": 1.6020755074240944, "mean_training_loss": 0.26683049979619683}, "Round 11": {"Accuracy/Testing Accuracy": 0.5831168831168831, "Loss/Testing Loss": 1.475134268364349, "mean_training_loss": 0.26358751511201267}, "Round 12": {"Accuracy/Testing Accuracy": 0.6038961038961039, "Loss/Testing Loss": 1.4173298572565054, "mean_training_loss": 0.1641529097579993}, "Round 13": {"Accuracy/Testing Accuracy": 0.6272727272727273, "Loss/Testing Loss": 1.3191082539496484, "mean_training_loss": 0.17207220915704965}, "Round 14": {"Accuracy/Testing Accuracy": 0.6402597402597403, "Loss/Testing Loss": 1.2681474159290265, "mean_training_loss": 0.18508976025178153}, "Round 15": {"Accuracy/Testing Accuracy": 0.6571428571428571, "Loss/Testing Loss": 1.2355662658617095, "mean_training_loss": 0.23508774780978764}, "Round 16": {"Accuracy/Testing Accuracy": 0.6688311688311688, "Loss/Testing Loss": 1.1770786505240898, "mean_training_loss": 0.6286941969974175}, "Round 17": {"Accuracy/Testing Accuracy": 0.6844155844155844, "Loss/Testing Loss": 1.1749092897811493, "mean_training_loss": 0.1747232238378595}, "Round 18": {"Accuracy/Testing Accuracy": 0.6974025974025974, "Loss/Testing Loss": 1.1084475576103507, "mean_training_loss": 0.1265917857262221}, "Round 19": {"Accuracy/Testing Accuracy": 0.7168831168831169, "Loss/Testing Loss": 1.0647904199439209, "mean_training_loss": 0.43391126915812495}, "Round 20": {"Accuracy/Testing Accuracy": 0.6766233766233766, "Loss/Testing Loss": 1.1081142332646754, "mean_training_loss": 0.1770264629398783}, "Round 21": {"Accuracy/Testing Accuracy": 0.6883116883116883, "Loss/Testing Loss": 1.0671941079102554, "mean_training_loss": 0.06990418644621968}, "Round 22": {"Accuracy/Testing Accuracy": 0.6935064935064935, "Loss/Testing Loss": 1.0447706529072354, "mean_training_loss": 0.12594667386094277}, "Round 23": {"Accuracy/Testing Accuracy": 0.6935064935064935, "Loss/Testing Loss": 1.0214455903350532, "mean_training_loss": 0.0886894801321129}, "Round 24": {"Accuracy/Testing Accuracy": 0.7324675324675325, "Loss/Testing Loss": 0.9743706560754156, "mean_training_loss": 0.2594060457804624}, "Round 25": {"Accuracy/Testing Accuracy": 0.7168831168831169, "Loss/Testing Loss": 0.9772332782869215, "mean_training_loss": 0.10721354171295057}, "Round 26": {"Accuracy/Testing Accuracy": 0.7, "Loss/Testing Loss": 0.9888151518710248, "mean_training_loss": 0.032877894782771665}, "Round 27": {"Accuracy/Testing Accuracy": 0.7090909090909091, "Loss/Testing Loss": 0.961370643547603, "mean_training_loss": 0.03354455014923587}, "Round 28": {"Accuracy/Testing Accuracy": 0.7142857142857143, "Loss/Testing Loss": 0.9223330304220125, "mean_training_loss": 0.021154762626974844}, "Round 29": {"Accuracy/Testing Accuracy": 0.7285714285714285, "Loss/Testing Loss": 0.8951270631381444, "mean_training_loss": 0.02116227538945774}, "Round 30": {"Accuracy/Testing Accuracy": 0.7259740259740259, "Loss/Testing Loss": 0.8984616330691746, "mean_training_loss": 0.058893589861691}, "Round 31": {"Accuracy/Testing Accuracy": 0.7337662337662337, "Loss/Testing Loss": 0.8807445745963555, "mean_training_loss": 0.05767089567485857}, "Round 32": {"Accuracy/Testing Accuracy": 0.7246753246753247, "Loss/Testing Loss": 0.8621585901681479, "mean_training_loss": 0.016129706505065164}, "Round 33": {"Accuracy/Testing Accuracy": 0.7298701298701299, "Loss/Testing Loss": 0.866429426298513, "mean_training_loss": 0.027034480726191152}, "Round 34": {"Accuracy/Testing Accuracy": 0.7246753246753247, "Loss/Testing Loss": 0.8868528782547295, "mean_training_loss": 0.06803197199013085}, "Round 35": {"Accuracy/Testing Accuracy": 0.7246753246753247, "Loss/Testing Loss": 0.8765137062444315, "mean_training_loss": 0.03659829187206924}, "Round 36": {"Accuracy/Testing Accuracy": 0.7350649350649351, "Loss/Testing Loss": 0.8561005178984109, "mean_training_loss": 0.03440688321339515}, "Round 37": {"Accuracy/Testing Accuracy": 0.7220779220779221, "Loss/Testing Loss": 0.8771675102122418, "mean_training_loss": 0.08030243484642018}, "Round 38": {"Accuracy/Testing Accuracy": 0.7207792207792207, "Loss/Testing Loss": 0.8815480938205471, "mean_training_loss": 0.021876343155745416}, "Round 39": {"Accuracy/Testing Accuracy": 0.7389610389610389, "Loss/Testing Loss": 0.8613237072895099, "mean_training_loss": 0.03537978062328572}, "Round 40": {"Accuracy/Testing Accuracy": 0.7389610389610389, "Loss/Testing Loss": 0.8378733610177969, "mean_training_loss": 0.1817976305599917}, "Round 41": {"Accuracy/Testing Accuracy": 0.7415584415584415, "Loss/Testing Loss": 0.831071104322161, "mean_training_loss": 0.015755398184992372}, "Round 42": {"Accuracy/Testing Accuracy": 0.7441558441558441, "Loss/Testing Loss": 0.8281080160822187, "mean_training_loss": 0.04513115828158334}, "Round 43": {"Accuracy/Testing Accuracy": 0.7532467532467533, "Loss/Testing Loss": 0.8215824978692191, "mean_training_loss": 0.026539033827268417}, "Round 44": {"Accuracy/Testing Accuracy": 0.7467532467532467, "Loss/Testing Loss": 0.8141865796857066, "mean_training_loss": 0.011544826402678154}, "Round 45": {"Accuracy/Testing Accuracy": 0.7558441558441559, "Loss/Testing Loss": 0.8099216832743062, "mean_training_loss": 0.02057449497446856}, "Round 46": {"Accuracy/Testing Accuracy": 0.7506493506493507, "Loss/Testing Loss": 0.8041438262183945, "mean_training_loss": 0.5796316722821858}, "Round 47": {"Accuracy/Testing Accuracy": 0.7467532467532467, "Loss/Testing Loss": 0.8201841015320319, "mean_training_loss": 0.007883072060940322}, "Round 48": {"Accuracy/Testing Accuracy": 0.7493506493506493, "Loss/Testing Loss": 0.8160316156102465, "mean_training_loss": 0.01028583080333192}, "Round 49": {"Accuracy/Testing Accuracy": 0.7571428571428571, "Loss/Testing Loss": 0.8040493883095778, "mean_training_loss": 0.006358836900132399}, "Round 50": {"Accuracy/Testing Accuracy": 0.7584415584415585, "Loss/Testing Loss": 0.7944148466184542, "mean_training_loss": 0.1362274245528335}, "Round 51": {"Accuracy/Testing Accuracy": 0.7636363636363637, "Loss/Testing Loss": 0.7861740544244841, "mean_training_loss": 0.008765967962715556}, "Round 52": {"Accuracy/Testing Accuracy": 0.7636363636363637, "Loss/Testing Loss": 0.7727986445674648, "mean_training_loss": 0.008260713256895542}, "Round 53": {"Accuracy/Testing Accuracy": 0.7662337662337663, "Loss/Testing Loss": 0.7704271302594767, "mean_training_loss": 0.5330207832209353}, "Round 54": {"Accuracy/Testing Accuracy": 0.7428571428571429, "Loss/Testing Loss": 0.8237799805480165, "mean_training_loss": 0.007830791044721588}, "Round 55": {"Accuracy/Testing Accuracy": 0.7532467532467533,