{"Round 1": {"Accuracy/Testing Accuracy": 0.012987012987012988, "Loss/Testing Loss": 4.517292786883069, "mean_training_loss": 1.4350043890115463}, "Round 2": {"Accuracy/Testing Accuracy": 0.05844155844155844, "Loss/Testing Loss": 4.1255080706113345, "mean_training_loss": 1.098579098172486}, "Round 3": {"Accuracy/Testing Accuracy": 0.17012987012987013, "Loss/Testing Loss": 3.652307877602515, "mean_training_loss": 0.8764217624342757}, "Round 4": {"Accuracy/Testing Accuracy": 0.2701298701298701, "Loss/Testing Loss": 3.126492611154333, "mean_training_loss": 0.7569706996793256}, "Round 5": {"Accuracy/Testing Accuracy": 0.32987012987012987, "Loss/Testing Loss": 2.7395758672194046, "mean_training_loss": 0.5177876113864937}, "Round 6": {"Accuracy/Testing Accuracy": 0.38441558441558443, "Loss/Testing Loss": 2.4195379368670573, "mean_training_loss": 0.596228325292468}, "Round 7": {"Accuracy/Testing Accuracy": 0.42207792207792205, "Loss/Testing Loss": 2.1486812089944816, "mean_training_loss": 0.3579718399482469}, "Round 8": {"Accuracy/Testing Accuracy": 0.5012987012987012, "Loss/Testing Loss": 1.8648382388152085, "mean_training_loss": 0.3219754602387548}, "Round 9": {"Accuracy/Testing Accuracy": 0.5337662337662338, "Loss/Testing Loss": 1.7144190670607926, "mean_training_loss": 1.3158904462121428}, "Round 10": {"Accuracy/Testing Accuracy": 0.548051948051948, "Loss/Testing Loss": 1.5755151900378142, "mean_training_loss": 0.43458516047232687}, "Round 11": {"Accuracy/Testing Accuracy": 0.5805194805194805, "Loss/Testing Loss": 1.4513477381173667, "mean_training_loss": 0.397750353034247}, "Round 12": {"Accuracy/Testing Accuracy": 0.612987012987013, "Loss/Testing Loss": 1.3835674425224205, "mean_training_loss": 0.1489992296256657}, "Round 13": {"Accuracy/Testing Accuracy": 0.6337662337662338, "Loss/Testing Loss": 1.2870272314393676, "mean_training_loss": 0.13963099870597945}, "Round 14": {"Accuracy/Testing Accuracy": 0.6376623376623377, "Loss/Testing Loss": 1.2313174758638654, "mean_training_loss": 0.16847843028501505}, "Round 15": {"Accuracy/Testing Accuracy": 0.6753246753246753, "Loss/Testing Loss": 1.1717618765769067, "mean_training_loss": 0.23330854113834604}, "Round 16": {"Accuracy/Testing Accuracy": 0.6857142857142857, "Loss/Testing Loss": 1.118525336005471, "mean_training_loss": 0.16021967704097428}, "Round 17": {"Accuracy/Testing Accuracy": 0.6987012987012987, "Loss/Testing Loss": 1.1030844477864055, "mean_training_loss": 0.22007199714288994}, "Round 18": {"Accuracy/Testing Accuracy": 0.6987012987012987, "Loss/Testing Loss": 1.0895026671421992, "mean_training_loss": 0.7322395929445824}, "Round 19": {"Accuracy/Testing Accuracy": 0.687012987012987, "Loss/Testing Loss": 1.1001388812994028, "mean_training_loss": 0.024186379449442026}, "Round 20": {"Accuracy/Testing Accuracy": 0.7064935064935065, "Loss/Testing Loss": 1.0510370790184318, "mean_training_loss": 0.3418266488611698}, "Round 21": {"Accuracy/Testing Accuracy": 0.6987012987012987, "Loss/Testing Loss": 1.0332802017013747, "mean_training_loss": 0.06157330070311824}, "Round 22": {"Accuracy/Testing Accuracy": 0.7051948051948052, "Loss/Testing Loss": 1.0002813837744973, "mean_training_loss": 0.12664194704795423}, "Round 23": {"Accuracy/Testing Accuracy": 0.7142857142857143, "Loss/Testing Loss": 0.9807837967748766, "mean_training_loss": 0.11865663131078086}, "Round 24": {"Accuracy/Testing Accuracy": 0.7337662337662337, "Loss/Testing Loss": 0.9435205936431885, "mean_training_loss": 0.03766313058817212}, "Round 25": {"Accuracy/Testing Accuracy": 0.7220779220779221, "Loss/Testing Loss": 0.9579292611642317, "mean_training_loss": 0.06670733354139058}, "Round 26": {"Accuracy/Testing Accuracy": 0.7259740259740259, "Loss/Testing Loss": 0.9325586712205565, "mean_training_loss": 0.047329879461904055}, "Round 27": {"Accuracy/Testing Accuracy": 0.7285714285714285, "Loss/Testing Loss": 0.9180230857489945, "mean_training_loss": 0.037306920526658786}, "Round 28": {"Accuracy/Testing Accuracy": 0.7350649350649351, "Loss/Testing Loss": 0.8849619086686666, "mean_training_loss": 0.024848244832280805}, "Round 29": {"Accuracy/Testing Accuracy": 0.7324675324675325, "Loss/Testing Loss": 0.8921610603084812, "mean_training_loss": 0.02179426061338745}, "Round 30": {"Accuracy/Testing Accuracy": 0.7363636363636363, "Loss/Testing Loss": 0.8791339296799201, "mean_training_loss": 0.04750912270289572}, "Round 31": {"Accuracy/Testing Accuracy": 0.7376623376623377, "Loss/Testing Loss": 0.8588718205303341, "mean_training_loss": 0.05474708916788752}, "Round 32": {"Accuracy/Testing Accuracy": 0.7467532467532467, "Loss/Testing Loss": 0.8428357542335213, "mean_training_loss": 0.01595965274788726}, "Round 33": {"Accuracy/Testing Accuracy": 0.7389610389610389, "Loss/Testing Loss": 0.8534529162691785, "mean_training_loss": 0.01941102948815872}, "Round 34": {"Accuracy/Testing Accuracy": 0.7519480519480519, "Loss/Testing Loss": 0.8269783255341765, "mean_training_loss": 0.04077591719105839}, "Round 35": {"Accuracy/Testing Accuracy": 0.7519480519480519, "Loss/Testing Loss": 0.8147600429398673, "mean_training_loss": 0.07646050732582808}, "Round 36": {"Accuracy/Testing Accuracy": 0.7415584415584415, "Loss/Testing Loss": 0.8325338513820202, "mean_training_loss": 0.17334364175589548}, "Round 37": {"Accuracy/Testing Accuracy": 0.7402597402597403, "Loss/Testing Loss": 0.8710727591019172, "mean_training_loss": 0.024572650241580875}, "Round 38": {"Accuracy/Testing Accuracy": 0.7402597402597403, "Loss/Testing Loss": 0.8512963740856616, "mean_training_loss": 0.022789447229694237}, "Round 39": {"Accuracy/Testing Accuracy": 0.7454545454545455, "Loss/Testing Loss": 0.8347911336205223, "mean_training_loss": 0.3520869735162705}, "Round 40": {"Accuracy/Testing Accuracy": 0.7402597402597403, "Loss/Testing Loss": 0.845448154907722, "mean_training_loss": 0.022480194935236463}, "Round 41": {"Accuracy/Testing Accuracy": 0.7350649350649351, "Loss/Testing Loss": 0.8747409074337451, "mean_training_loss": 0.01847381049936468}, "Round 42": {"Accuracy/Testing Accuracy": 0.7376623376623377, "Loss/Testing Loss": 0.8565466386931283, "mean_training_loss": 0.012188276991946623}, "Round 43": {"Accuracy/Testing Accuracy": 0.7428571428571429, "Loss/Testing Loss": 0.8377714205097843, "mean_training_loss": 0.5313000070813456}, "Round 44": {"Accuracy/Testing Accuracy": 0.7441558441558441, "Loss/Testing Loss": 0.8461246936352222, "mean_training_loss": 0.014737232404877431}, "Round 45": {"Accuracy/Testing Accuracy": 0.7545454545454545, "Loss/Testing Loss": 0.8203031231830646, "mean_training_loss": 0.5273329838326103}, "Round 46": {"Accuracy/Testing Accuracy": 0.7389610389610389, "Loss/Testing Loss": 0.8472140610992135, "mean_training_loss": 0.014870153044295661}, "Round 47": {"Accuracy/Testing Accuracy": 0.7506493506493507, "Loss/Testing Loss": 0.8200496932128807, "mean_training_loss": 0.014704664033423695}, "Round 48": {"Accuracy/Testing Accuracy": 0.7584415584415585, "Loss/Testing Loss": 0.8184302641199781, "mean_training_loss": 0.008050238315222991}, "Round 49": {"Accuracy/Testing Accuracy": 0.7623376623376623, "Loss/Testing Loss": 0.8053805227403517, "mean_training_loss": 0.034155557594365546}, "Round 50": {"Accuracy/Testing Accuracy": 0.7584415584415585, "Loss/Testing Loss": 0.8028741471179119, "mean_training_loss": 0.014465423186563634}, "Round 51": {"Accuracy/Testing Accuracy": 0.7662337662337663, "Loss/Testing Loss": 0.7715179488256381, "mean_training_loss": 0.5456572473049164}, "Round 52": {"Accuracy/Testing Accuracy": 0.7571428571428571, "Loss/Testing Loss": 0.794062837842223, "mean_training_loss": 0.024336403670410314}, "Round 53": {"Accuracy/Testing Accuracy": 0.7545454545454545, "Loss/Testing Loss": 0.783221524566799, "mean_training_loss": 0.005284086954779924}, "Round 54": {"Accuracy/Testing Accuracy": 0.7493506493506493, "Loss/Testing Loss": 0.8045683770984798, "mean_training_loss": 0.00785748038221808}, "Round 55": {"Accuracy/Testing Accuracy": 0.7636363636363637,