{"Round 1": {"Accuracy/Testing Accuracy": 0.012987012987012988, "Loss/Testing Loss": 4.517292786883069, "mean_training_loss": 1.4350043890115463}, "Round 2": {"Accuracy/Testing Accuracy": 0.05844155844155844, "Loss/Testing Loss": 4.1255080706113345, "mean_training_loss": 1.098579098172486}, "Round 3": {"Accuracy/Testing Accuracy": 0.17012987012987013, "Loss/Testing Loss": 3.652307877602515, "mean_training_loss": 0.8764217624342757}, "Round 4": {"Accuracy/Testing Accuracy": 0.2701298701298701, "Loss/Testing Loss": 3.126492611154333, "mean_training_loss": 0.7569706996793256}, "Round 5": {"Accuracy/Testing Accuracy": 0.32987012987012987, "Loss/Testing Loss": 2.7395758672194046, "mean_training_loss": 0.5177876113864937}, "Round 6": {"Accuracy/Testing Accuracy": 0.38441558441558443, "Loss/Testing Loss": 2.4195379368670573, "mean_training_loss": 0.596228325292468}, "Round 7": {"Accuracy/Testing Accuracy": 0.42337662337662335, "Loss/Testing Loss": 2.137713064466204, "mean_training_loss": 0.3559443796363969}, "Round 8": {"Accuracy/Testing Accuracy": 0.509090909090909, "Loss/Testing Loss": 1.8381017991474697, "mean_training_loss": 0.32126583167662226}, "Round 9": {"Accuracy/Testing Accuracy": 0.5402597402597402, "Loss/Testing Loss": 1.6827431988406492, "mean_training_loss": 0.5065266809736689}, "Round 10": {"Accuracy/Testing Accuracy": 0.551948051948052, "Loss/Testing Loss": 1.5626840083630054, "mean_training_loss": 0.6653857375598615}, "Round 11": {"Accuracy/Testing Accuracy": 0.5961038961038961, "Loss/Testing Loss": 1.445864190993371, "mean_training_loss": 0.22037119056013496}, "Round 12": {"Accuracy/Testing Accuracy": 0.6207792207792208, "Loss/Testing Loss": 1.3532019559439126, "mean_training_loss": 0.16003013829966745}, "Round 13": {"Accuracy/Testing Accuracy": 0.638961038961039, "Loss/Testing Loss": 1.254421945980617, "mean_training_loss": 0.1378116832114756}, "Round 14": {"Accuracy/Testing Accuracy": 0.6454545454545455, "Loss/Testing Loss": 1.2102605714426413, "mean_training_loss": 0.1402684040212383}, "Round 15": {"Accuracy/Testing Accuracy": 0.6597402597402597, "Loss/Testing Loss": 1.198101352716421, "mean_training_loss": 0.211669240007177}, "Round 16": {"Accuracy/Testing Accuracy": 0.6831168831168831, "Loss/Testing Loss": 1.130164842481737, "mean_training_loss": 0.531022102965249}, "Round 17": {"Accuracy/Testing Accuracy": 0.6818181818181818, "Loss/Testing Loss": 1.1459494234679581, "mean_training_loss": 0.18797407604973104}, "Round 18": {"Accuracy/Testing Accuracy": 0.6883116883116883, "Loss/Testing Loss": 1.0936748591336336, "mean_training_loss": 0.1019876262342388}, "Round 19": {"Accuracy/Testing Accuracy": 0.6948051948051948, "Loss/Testing Loss": 1.0480807799797554, "mean_training_loss": 0.023439580623060462}, "Round 20": {"Accuracy/Testing Accuracy": 0.6961038961038961, "Loss/Testing Loss": 1.0298027273896453, "mean_training_loss": 0.060940369386225934}, "Round 21": {"Accuracy/Testing Accuracy": 0.7207792207792207, "Loss/Testing Loss": 0.9975154819426598, "mean_training_loss": 0.046994280411551397}, "Round 22": {"Accuracy/Testing Accuracy": 0.7233766233766233, "Loss/Testing Loss": 0.9509163698592743, "mean_training_loss": 0.08679273675449871}, "Round 23": {"Accuracy/Testing Accuracy": 0.7285714285714285, "Loss/Testing Loss": 0.9457615522595195, "mean_training_loss": 0.0890375225390825}, "Round 24": {"Accuracy/Testing Accuracy": 0.7363636363636363, "Loss/Testing Loss": 0.9050500682422093, "mean_training_loss": 0.03038850782904774}, "Round 25": {"Accuracy/Testing Accuracy": 0.7363636363636363, "Loss/Testing Loss": 0.9193820476531982, "mean_training_loss": 0.748199076562499}, "Round 26": {"Accuracy/Testing Accuracy": 0.7207792207792207, "Loss/Testing Loss": 0.9245162372465258, "mean_training_loss": 0.027836538475821727}, "Round 27": {"Accuracy/Testing Accuracy": 0.7025974025974026, "Loss/Testing Loss": 0.938856510372905, "mean_training_loss": 0.053741228087421725}, "Round 28": {"Accuracy/Testing Accuracy": 0.7220779220779221, "Loss/Testing Loss": 0.9032895843704025, "mean_training_loss": 0.01811867653775741}, "Round 29": {"Accuracy/Testing Accuracy": 0.7285714285714285, "Loss/Testing Loss": 0.9050325966500616, "mean_training_loss": 0.02913347464927938}, "Round 30": {"Accuracy/Testing Accuracy": 0.7181818181818181, "Loss/Testing Loss": 0.8885874094901147, "mean_training_loss": 0.04140463681781993}, "Round 31": {"Accuracy/Testing Accuracy": 0.7363636363636363, "Loss/Testing Loss": 0.8601539938480823, "mean_training_loss": 0.04515929376198487}, "Round 32": {"Accuracy/Testing Accuracy": 0.7415584415584415, "Loss/Testing Loss": 0.8399050427721693, "mean_training_loss": 0.03179877752509828}, "Round 33": {"Accuracy/Testing Accuracy": 0.7493506493506493, "Loss/Testing Loss": 0.8446232448924672, "mean_training_loss": 0.01894339876016602}, "Round 34": {"Accuracy/Testing Accuracy": 0.7532467532467533, "Loss/Testing Loss": 0.8447516860899987, "mean_training_loss": 0.05318307140418751}, "Round 35": {"Accuracy/Testing Accuracy": 0.7571428571428571, "Loss/Testing Loss": 0.8441899186604983, "mean_training_loss": 0.5299801400608637}, "Round 36": {"Accuracy/Testing Accuracy": 0.7571428571428571, "Loss/Testing Loss": 0.8497519020910387, "mean_training_loss": 0.03355163647793233}, "Round 37": {"Accuracy/Testing Accuracy": 0.7532467532467533, "Loss/Testing Loss": 0.8287366624002332, "mean_training_loss": 0.024354274431243536}, "Round 38": {"Accuracy/Testing Accuracy": 0.7402597402597403, "Loss/Testing Loss": 0.8567463724644153, "mean_training_loss": 0.025618003655902367}, "Round 39": {"Accuracy/Testing Accuracy": 0.7428571428571429, "Loss/Testing Loss": 0.8357948646916972, "mean_training_loss": 0.028501182775168367}, "Round 40": {"Accuracy/Testing Accuracy": 0.7363636363636363, "Loss/Testing Loss": 0.840882285539206, "mean_training_loss": 0.9763692420991985}, "Round 41": {"Accuracy/Testing Accuracy": 0.7467532467532467, "Loss/Testing Loss": 0.8507229984580696, "mean_training_loss": 0.027356575015001}, "Round 42": {"Accuracy/Testing Accuracy": 0.7415584415584415, "Loss/Testing Loss": 0.8660470617281926, "mean_training_loss": 0.6767247418407351}, "Round 43": {"Accuracy/Testing Accuracy": 0.7402597402597403, "Loss/Testing Loss": 0.8779677702234937, "mean_training_loss": 0.5953152555580202}, "Round 44": {"Accuracy/Testing Accuracy": 0.7285714285714285, "Loss/Testing Loss": 0.9238306016116947, "mean_training_loss": 0.015075549905498819}, "Round 45": {"Accuracy/Testing Accuracy": 0.7454545454545455, "Loss/Testing Loss": 0.8525151820925924, "mean_training_loss": 0.014808094539006967}, "Round 46": {"Accuracy/Testing Accuracy": 0.7441558441558441, "Loss/Testing Loss": 0.8220144033432006, "mean_training_loss": 0.012925005980974269}, "Round 47": {"Accuracy/Testing Accuracy": 0.7584415584415585, "Loss/Testing Loss": 0.8095369424138751, "mean_training_loss": 0.05938692492846813}, "Round 48": {"Accuracy/Testing Accuracy": 0.7454545454545455, "Loss/Testing Loss": 0.8315582054001944, "mean_training_loss": 0.009660190612296848}, "Round 49": {"Accuracy/Testing Accuracy": 0.7506493506493507, "Loss/Testing Loss": 0.8503831826247178, "mean_training_loss": 0.08895673147567054}, "Round 50": {"Accuracy/Testing Accuracy": 0.7532467532467533, "Loss/Testing Loss": 0.8419644814033013, "mean_training_loss": 0.01548510335851461}, "Round 51": {"Accuracy/Testing Accuracy": 0.7558441558441559, "Loss/Testing Loss": 0.7972515183609802, "mean_training_loss": 0.06478442822528237}, "Round 52": {"Accuracy/Testing Accuracy": 0.7584415584415585, "Loss/Testing Loss": 0.8017605532299389, "mean_training_loss": 0.00877175861452189}, "Round 53": {"Accuracy/Testing Accuracy": 0.7597402597402597, "Loss/Testing Loss": 0.7917175031327582, "mean_training_loss": 0.004909088198328391}, "Round 54": {"Accuracy/Testing Accuracy": 0.7623376623376623, "Loss/Testing Loss": 0.8142473855575958, "mean_training_loss": 0.008528407827313792}, "Round 55": {"Accuracy/Testing Accuracy": 0.7610389610389611,