{"Round 1": {"Accuracy/Testing Accuracy": 0.012987012987012988, "Loss/Testing Loss": 4.517292786883069, "mean_training_loss": 1.4350043890115463}, "Round 2": {"Accuracy/Testing Accuracy": 0.05844155844155844, "Loss/Testing Loss": 4.1255080706113345, "mean_training_loss": 1.098579098172486}, "Round 3": {"Accuracy/Testing Accuracy": 0.17012987012987013, "Loss/Testing Loss": 3.652307877602515, "mean_training_loss": 0.8764217624342757}, "Round 4": {"Accuracy/Testing Accuracy": 0.2701298701298701, "Loss/Testing Loss": 3.126492611154333, "mean_training_loss": 0.7569706996793256}, "Round 5": {"Accuracy/Testing Accuracy": 0.32987012987012987, "Loss/Testing Loss": 2.7395758672194046, "mean_training_loss": 0.5177876113864937}, "Round 6": {"Accuracy/Testing Accuracy": 0.38441558441558443, "Loss/Testing Loss": 2.4195379368670573, "mean_training_loss": 0.5653393533346909}, "Round 7": {"Accuracy/Testing Accuracy": 0.44415584415584414, "Loss/Testing Loss": 2.099030950471952, "mean_training_loss": 0.34050255763447945}, "Round 8": {"Accuracy/Testing Accuracy": 0.5116883116883116, "Loss/Testing Loss": 1.815302646314943, "mean_training_loss": 0.5399454285452763}, "Round 9": {"Accuracy/Testing Accuracy": 0.5363636363636364, "Loss/Testing Loss": 1.6806792095110015, "mean_training_loss": 0.45280605349689723}, "Round 10": {"Accuracy/Testing Accuracy": 0.5623376623376624, "Loss/Testing Loss": 1.5534572310261912, "mean_training_loss": 0.4483141962219688}, "Round 11": {"Accuracy/Testing Accuracy": 0.5818181818181818, "Loss/Testing Loss": 1.4582036262982851, "mean_training_loss": 0.22573829561471942}, "Round 12": {"Accuracy/Testing Accuracy": 0.6194805194805195, "Loss/Testing Loss": 1.363227569902098, "mean_training_loss": 0.1485226411229143}, "Round 13": {"Accuracy/Testing Accuracy": 0.638961038961039, "Loss/Testing Loss": 1.2678311669981326, "mean_training_loss": 0.14021304628501335}, "Round 14": {"Accuracy/Testing Accuracy": 0.6584415584415585, "Loss/Testing Loss": 1.2069504428219486, "mean_training_loss": 0.15216892530922504}, "Round 15": {"Accuracy/Testing Accuracy": 0.6818181818181818, "Loss/Testing Loss": 1.1616106965325095, "mean_training_loss": 0.31256265497455993}, "Round 16": {"Accuracy/Testing Accuracy": 0.687012987012987, "Loss/Testing Loss": 1.1188339573996409, "mean_training_loss": 0.1373364864355501}, "Round 17": {"Accuracy/Testing Accuracy": 0.7038961038961039, "Loss/Testing Loss": 1.102044263133755, "mean_training_loss": 0.2367154913351816}, "Round 18": {"Accuracy/Testing Accuracy": 0.6844155844155844, "Loss/Testing Loss": 1.1583406810636645, "mean_training_loss": 0.12099807029590011}, "Round 19": {"Accuracy/Testing Accuracy": 0.6597402597402597, "Loss/Testing Loss": 1.1729030045596036, "mean_training_loss": 0.019124044274741955}, "Round 20": {"Accuracy/Testing Accuracy": 0.6805194805194805, "Loss/Testing Loss": 1.0995574886148627, "mean_training_loss": 0.09552466608583929}, "Round 21": {"Accuracy/Testing Accuracy": 0.7051948051948052, "Loss/Testing Loss": 1.0341111331791073, "mean_training_loss": 0.05367625388006368}, "Round 22": {"Accuracy/Testing Accuracy": 0.7012987012987013, "Loss/Testing Loss": 1.0403372030753595, "mean_training_loss": 0.09276975505985319}, "Round 23": {"Accuracy/Testing Accuracy": 0.7077922077922078, "Loss/Testing Loss": 0.9966305166095882, "mean_training_loss": 0.093723105900507}, "Round 24": {"Accuracy/Testing Accuracy": 0.7220779220779221, "Loss/Testing Loss": 0.9495568965936636, "mean_training_loss": 0.05089934372226708}, "Round 25": {"Accuracy/Testing Accuracy": 0.7363636363636363, "Loss/Testing Loss": 0.9027661295680257, "mean_training_loss": 0.8676694226535883}, "Round 26": {"Accuracy/Testing Accuracy": 0.7077922077922078, "Loss/Testing Loss": 0.9853231196279649, "mean_training_loss": 0.04298683570697904}, "Round 27": {"Accuracy/Testing Accuracy": 0.7220779220779221, "Loss/Testing Loss": 0.9436927160659394, "mean_training_loss": 0.04811510675936006}, "Round 28": {"Accuracy/Testing Accuracy": 0.7350649350649351, "Loss/Testing Loss": 0.8929513389414007, "mean_training_loss": 0.03074203569661168}, "Round 29": {"Accuracy/Testing Accuracy": 0.7376623376623377, "Loss/Testing Loss": 0.8727174887409458, "mean_training_loss": 0.023187831708540517}, "Round 30": {"Accuracy/Testing Accuracy": 0.7454545454545455, "Loss/Testing Loss": 0.861164037438182, "mean_training_loss": 0.05011854441836476}, "Round 31": {"Accuracy/Testing Accuracy": 0.7493506493506493, "Loss/Testing Loss": 0.8414763452170732, "mean_training_loss": 0.05760314238935031}, "Round 32": {"Accuracy/Testing Accuracy": 0.7545454545454545, "Loss/Testing Loss": 0.8322818768488897, "mean_training_loss": 0.2615477123467082}, "Round 33": {"Accuracy/Testing Accuracy": 0.7441558441558441, "Loss/Testing Loss": 0.911812138557434, "mean_training_loss": 0.03908738431266763}, "Round 34": {"Accuracy/Testing Accuracy": 0.7441558441558441, "Loss/Testing Loss": 0.8624488562732547, "mean_training_loss": 0.05820819883141667}, "Round 35": {"Accuracy/Testing Accuracy": 0.7506493506493507, "Loss/Testing Loss": 0.8499318513003262, "mean_training_loss": 0.036850975474549665}, "Round 36": {"Accuracy/Testing Accuracy": 0.7584415584415585, "Loss/Testing Loss": 0.8278361331332814, "mean_training_loss": 0.035506793125258646}, "Round 37": {"Accuracy/Testing Accuracy": 0.7545454545454545, "Loss/Testing Loss": 0.8049018461982925, "mean_training_loss": 0.6451631043106317}, "Round 38": {"Accuracy/Testing Accuracy": 0.7545454545454545, "Loss/Testing Loss": 0.7981812408992223, "mean_training_loss": 0.015570101431674426}, "Round 39": {"Accuracy/Testing Accuracy": 0.7675324675324675, "Loss/Testing Loss": 0.7901148744991847, "mean_training_loss": 0.6036094583881397}, "Round 40": {"Accuracy/Testing Accuracy": 0.7467532467532467, "Loss/Testing Loss": 0.8286481279831428, "mean_training_loss": 0.016542545580305157}, "Round 41": {"Accuracy/Testing Accuracy": 0.7493506493506493, "Loss/Testing Loss": 0.8163385917614032, "mean_training_loss": 0.6715851862322201}, "Round 42": {"Accuracy/Testing Accuracy": 0.7519480519480519, "Loss/Testing Loss": 0.8565675902676273, "mean_training_loss": 0.01659774495222207}, "Round 43": {"Accuracy/Testing Accuracy": 0.7558441558441559, "Loss/Testing Loss": 0.8199919505552812, "mean_training_loss": 0.029296912611736094}, "Round 44": {"Accuracy/Testing Accuracy": 0.7610389610389611, "Loss/Testing Loss": 0.803495990610742, "mean_training_loss": 0.016905759045039305}, "Round 45": {"Accuracy/Testing Accuracy": 0.7688311688311689, "Loss/Testing Loss": 0.7872526393308268, "mean_training_loss": 0.013271812196163569}, "Round 46": {"Accuracy/Testing Accuracy": 0.7649350649350649, "Loss/Testing Loss": 0.7690688142528782, "mean_training_loss": 0.017679540425374667}, "Round 47": {"Accuracy/Testing Accuracy": 0.7675324675324675, "Loss/Testing Loss": 0.7787846213811404, "mean_training_loss": 0.027781753309278023}, "Round 48": {"Accuracy/Testing Accuracy": 0.7636363636363637, "Loss/Testing Loss": 0.7818331585301981, "mean_training_loss": 0.040096129263367725}, "Round 49": {"Accuracy/Testing Accuracy": 0.7558441558441559, "Loss/Testing Loss": 0.789436175916102, "mean_training_loss": 0.007562751922135552}, "Round 50": {"Accuracy/Testing Accuracy": 0.7584415584415585, "Loss/Testing Loss": 0.7793993428155973, "mean_training_loss": 0.013278646916151046}, "Round 51": {"Accuracy/Testing Accuracy": 0.7623376623376623, "Loss/Testing Loss": 0.7589871900422233, "mean_training_loss": 0.008730643070302902}, "Round 52": {"Accuracy/Testing Accuracy": 0.7662337662337663, "Loss/Testing Loss": 0.7498310315144526, "mean_training_loss": 0.007935125562362373}, "Round 53": {"Accuracy/Testing Accuracy": 0.7571428571428571, "Loss/Testing Loss": 0.7485547014645167, "mean_training_loss": 0.006794559561240021}, "Round 54": {"Accuracy/Testing Accuracy": 0.7649350649350649, "Loss/Testing Loss": 0.7462840786227932, "mean_training_loss": 0.0067743353286965026}, "Round 55": {"Accuracy/Testing Accuracy": 0.7701298701298701,