{"Round 1": {"Accuracy/Testing Accuracy": 0.012987012987012988, "Loss/Testing Loss": 4.517292786883069, "mean_training_loss": 1.4350043890115463}, "Round 2": {"Accuracy/Testing Accuracy": 0.05844155844155844, "Loss/Testing Loss": 4.1255080706113345, "mean_training_loss": 1.098579098172486}, "Round 3": {"Accuracy/Testing Accuracy": 0.17012987012987013, "Loss/Testing Loss": 3.652307877602515, "mean_training_loss": 0.8764217624342757}, "Round 4": {"Accuracy/Testing Accuracy": 0.2701298701298701, "Loss/Testing Loss": 3.126492611154333, "mean_training_loss": 0.7569706996793256}, "Round 5": {"Accuracy/Testing Accuracy": 0.32987012987012987, "Loss/Testing Loss": 2.7395758672194046, "mean_training_loss": 0.5177876113864937}, "Round 6": {"Accuracy/Testing Accuracy": 0.38441558441558443, "Loss/Testing Loss": 2.4195379368670573, "mean_training_loss": 0.5653393533346909}, "Round 7": {"Accuracy/Testing Accuracy": 0.44155844155844154, "Loss/Testing Loss": 2.1216444919635724, "mean_training_loss": 0.3550361729330487}, "Round 8": {"Accuracy/Testing Accuracy": 0.4961038961038961, "Loss/Testing Loss": 1.8603078913379025, "mean_training_loss": 0.32477452004949253}, "Round 9": {"Accuracy/Testing Accuracy": 0.5415584415584416, "Loss/Testing Loss": 1.7056524985796446, "mean_training_loss": 0.47863045698878437}, "Round 10": {"Accuracy/Testing Accuracy": 0.5623376623376624, "Loss/Testing Loss": 1.574973978315081, "mean_training_loss": 0.737988284493194}, "Round 11": {"Accuracy/Testing Accuracy": 0.5974025974025974, "Loss/Testing Loss": 1.4217182636260985, "mean_training_loss": 0.26008466955274345}, "Round 12": {"Accuracy/Testing Accuracy": 0.6116883116883117, "Loss/Testing Loss": 1.3777224974198774, "mean_training_loss": 0.20452201458226357}, "Round 13": {"Accuracy/Testing Accuracy": 0.6415584415584416, "Loss/Testing Loss": 1.3040456855451905, "mean_training_loss": 0.14753191580375039}, "Round 14": {"Accuracy/Testing Accuracy": 0.6480519480519481, "Loss/Testing Loss": 1.2502804650888815, "mean_training_loss": 0.1541203218183535}, "Round 15": {"Accuracy/Testing Accuracy": 0.6584415584415585, "Loss/Testing Loss": 1.200202178335809, "mean_training_loss": 0.39656462324783204}, "Round 16": {"Accuracy/Testing Accuracy": 0.6766233766233766, "Loss/Testing Loss": 1.165134495264524, "mean_training_loss": 0.11711903507821261}, "Round 17": {"Accuracy/Testing Accuracy": 0.6779220779220779, "Loss/Testing Loss": 1.1314161117974815, "mean_training_loss": 0.11691315449425019}, "Round 18": {"Accuracy/Testing Accuracy": 0.6831168831168831, "Loss/Testing Loss": 1.103904085035448, "mean_training_loss": 0.15608808647163888}, "Round 19": {"Accuracy/Testing Accuracy": 0.6935064935064935, "Loss/Testing Loss": 1.0759789714565524, "mean_training_loss": 0.030981153280784685}, "Round 20": {"Accuracy/Testing Accuracy": 0.6987012987012987, "Loss/Testing Loss": 1.043736970269835, "mean_training_loss": 0.6065812144694585}, "Round 21": {"Accuracy/Testing Accuracy": 0.7, "Loss/Testing Loss": 1.0298583083338553, "mean_training_loss": 0.06598879911803773}, "Round 22": {"Accuracy/Testing Accuracy": 0.7051948051948052, "Loss/Testing Loss": 0.9877820395804071, "mean_training_loss": 0.09475228399969637}, "Round 23": {"Accuracy/Testing Accuracy": 0.7142857142857143, "Loss/Testing Loss": 0.972491923400334, "mean_training_loss": 0.07938686918248149}, "Round 24": {"Accuracy/Testing Accuracy": 0.7272727272727273, "Loss/Testing Loss": 0.9315087586254268, "mean_training_loss": 0.07243440713733436}, "Round 25": {"Accuracy/Testing Accuracy": 0.7207792207792207, "Loss/Testing Loss": 0.9391543865203857, "mean_training_loss": 0.12655916028656064}, "Round 26": {"Accuracy/Testing Accuracy": 0.7233766233766233, "Loss/Testing Loss": 0.9354442656814278, "mean_training_loss": 0.03862938131538353}, "Round 27": {"Accuracy/Testing Accuracy": 0.7220779220779221, "Loss/Testing Loss": 0.9452067543933917, "mean_training_loss": 0.05338944445053737}, "Round 28": {"Accuracy/Testing Accuracy": 0.7285714285714285, "Loss/Testing Loss": 0.9140652501737917, "mean_training_loss": 0.27775385844210787}, "Round 29": {"Accuracy/Testing Accuracy": 0.7233766233766233, "Loss/Testing Loss": 0.9331360897460541, "mean_training_loss": 0.029642954303954656}, "Round 30": {"Accuracy/Testing Accuracy": 0.7298701298701299, "Loss/Testing Loss": 0.9110927580238937, "mean_training_loss": 0.051415292732417586}, "Round 31": {"Accuracy/Testing Accuracy": 0.7376623376623377, "Loss/Testing Loss": 0.8993481519934419, "mean_training_loss": 0.20065771036527372}, "Round 32": {"Accuracy/Testing Accuracy": 0.7220779220779221, "Loss/Testing Loss": 0.8864027822172487, "mean_training_loss": 0.026072940345676178}, "Round 33": {"Accuracy/Testing Accuracy": 0.7233766233766233, "Loss/Testing Loss": 0.8767656857317144, "mean_training_loss": 0.08787899115546183}, "Round 34": {"Accuracy/Testing Accuracy": 0.7454545454545455, "Loss/Testing Loss": 0.8643975216072876, "mean_training_loss": 0.36157399903982873}, "Round 35": {"Accuracy/Testing Accuracy": 0.7428571428571429, "Loss/Testing Loss": 0.8533505229206828, "mean_training_loss": 0.31672990024089814}, "Round 36": {"Accuracy/Testing Accuracy": 0.7220779220779221, "Loss/Testing Loss": 0.9267064447526808, "mean_training_loss": 0.04554970459430478}, "Round 37": {"Accuracy/Testing Accuracy": 0.7259740259740259, "Loss/Testing Loss": 0.9344902380720361, "mean_training_loss": 0.041949319627342954}, "Round 38": {"Accuracy/Testing Accuracy": 0.7337662337662337, "Loss/Testing Loss": 0.8931780078194358, "mean_training_loss": 0.03871409848539366}, "Round 39": {"Accuracy/Testing Accuracy": 0.7376623376623377, "Loss/Testing Loss": 0.8899820786017876, "mean_training_loss": 0.03315460029989482}, "Round 40": {"Accuracy/Testing Accuracy": 0.7467532467532467, "Loss/Testing Loss": 0.8638113133319012, "mean_training_loss": 1.0130855394527316}, "Round 41": {"Accuracy/Testing Accuracy": 0.7441558441558441, "Loss/Testing Loss": 0.8589060924269937, "mean_training_loss": 0.020593380683567374}, "Round 42": {"Accuracy/Testing Accuracy": 0.7363636363636363, "Loss/Testing Loss": 0.8865979779850353, "mean_training_loss": 0.015032310446258638}, "Round 43": {"Accuracy/Testing Accuracy": 0.7441558441558441, "Loss/Testing Loss": 0.8553960797074553, "mean_training_loss": 0.23461478080819637}, "Round 44": {"Accuracy/Testing Accuracy": 0.7402597402597403, "Loss/Testing Loss": 0.852402989430861, "mean_training_loss": 0.019687522971071302}, "Round 45": {"Accuracy/Testing Accuracy": 0.7493506493506493, "Loss/Testing Loss": 0.8311471878708183, "mean_training_loss": 0.016954213442901774}, "Round 46": {"Accuracy/Testing Accuracy": 0.7493506493506493, "Loss/Testing Loss": 0.8077822926756624, "mean_training_loss": 0.020470736495086125}, "Round 47": {"Accuracy/Testing Accuracy": 0.7558441558441559, "Loss/Testing Loss": 0.7999941517780353, "mean_training_loss": 0.012168703144416215}, "Round 48": {"Accuracy/Testing Accuracy": 0.7506493506493507, "Loss/Testing Loss": 0.8084425105677022, "mean_training_loss": 0.011604279875090079}, "Round 49": {"Accuracy/Testing Accuracy": 0.7480519480519481, "Loss/Testing Loss": 0.8027380661530928, "mean_training_loss": 0.045462396980396336}, "Round 50": {"Accuracy/Testing Accuracy": 0.7519480519480519, "Loss/Testing Loss": 0.8110812292470561, "mean_training_loss": 0.01922100728067259}, "Round 51": {"Accuracy/Testing Accuracy": 0.7571428571428571, "Loss/Testing Loss": 0.7924620464250639, "mean_training_loss": 0.8122688603401184}, "Round 52": {"Accuracy/Testing Accuracy": 0.7649350649350649, "Loss/Testing Loss": 0.8032358045701856, "mean_training_loss": 0.015413960922575956}, "Round 53": {"Accuracy/Testing Accuracy": 0.7610389610389611, "Loss/Testing Loss": 0.7963310730921758, "mean_training_loss": 0.016815377940656618}, "Round 54": {"Accuracy/Testing Accuracy": 0.7519480519480519, "Loss/Testing Loss": 0.8438685311899556, "mean_training_loss": 0.014812371908919885}, "Round 55": {"Accuracy/Testing Accuracy": 0.7376623376623377,