{"Round 1": {"Accuracy/Testing Accuracy": 0.012987012987012988, "Loss/Testing Loss": 4.517292786883069, "mean_training_loss": 1.4350043890115463}, "Round 2": {"Accuracy/Testing Accuracy": 0.05844155844155844, "Loss/Testing Loss": 4.1255080706113345, "mean_training_loss": 1.098579098172486}, "Round 3": {"Accuracy/Testing Accuracy": 0.17012987012987013, "Loss/Testing Loss": 3.652307877602515, "mean_training_loss": 0.8764217624342757}, "Round 4": {"Accuracy/Testing Accuracy": 0.2701298701298701, "Loss/Testing Loss": 3.126492611154333, "mean_training_loss": 0.7569706996793256}, "Round 5": {"Accuracy/Testing Accuracy": 0.32987012987012987, "Loss/Testing Loss": 2.7395758672194046, "mean_training_loss": 0.5177876113864937}, "Round 6": {"Accuracy/Testing Accuracy": 0.38441558441558443, "Loss/Testing Loss": 2.4195379368670573, "mean_training_loss": 0.5653393533346909}, "Round 7": {"Accuracy/Testing Accuracy": 0.44155844155844154, "Loss/Testing Loss": 2.1216444919635724, "mean_training_loss": 0.3550361729330487}, "Round 8": {"Accuracy/Testing Accuracy": 0.4961038961038961, "Loss/Testing Loss": 1.8603078913379025, "mean_training_loss": 0.32477452004949253}, "Round 9": {"Accuracy/Testing Accuracy": 0.5415584415584416, "Loss/Testing Loss": 1.7056524985796446, "mean_training_loss": 0.47863045698878437}, "Round 10": {"Accuracy/Testing Accuracy": 0.5623376623376624, "Loss/Testing Loss": 1.574973978315081, "mean_training_loss": 0.737988284493194}, "Round 11": {"Accuracy/Testing Accuracy": 0.5974025974025974, "Loss/Testing Loss": 1.4217182636260985, "mean_training_loss": 0.26008466955274345}, "Round 12": {"Accuracy/Testing Accuracy": 0.6116883116883117, "Loss/Testing Loss": 1.3777224974198774, "mean_training_loss": 0.20452201458226357}, "Round 13": {"Accuracy/Testing Accuracy": 0.6415584415584416, "Loss/Testing Loss": 1.3040456855451905, "mean_training_loss": 0.14753191580375039}, "Round 14": {"Accuracy/Testing Accuracy": 0.6480519480519481, "Loss/Testing Loss": 1.2502804650888815, "mean_training_loss": 0.1541203218183535}, "Round 15": {"Accuracy/Testing Accuracy": 0.6584415584415585, "Loss/Testing Loss": 1.200202178335809, "mean_training_loss": 0.39656462324783204}, "Round 16": {"Accuracy/Testing Accuracy": 0.6766233766233766, "Loss/Testing Loss": 1.165134495264524, "mean_training_loss": 0.23351427430615704}, "Round 17": {"Accuracy/Testing Accuracy": 0.6766233766233766, "Loss/Testing Loss": 1.1488297496523177, "mean_training_loss": 0.11484153639175929}, "Round 18": {"Accuracy/Testing Accuracy": 0.6805194805194805, "Loss/Testing Loss": 1.106630325936652, "mean_training_loss": 0.11060232381251726}, "Round 19": {"Accuracy/Testing Accuracy": 0.687012987012987, "Loss/Testing Loss": 1.1049452177889936, "mean_training_loss": 0.034158607983651265}, "Round 20": {"Accuracy/Testing Accuracy": 0.6987012987012987, "Loss/Testing Loss": 1.070170503158074, "mean_training_loss": 0.07428534204539443}, "Round 21": {"Accuracy/Testing Accuracy": 0.7051948051948052, "Loss/Testing Loss": 1.0321768039232724, "mean_training_loss": 0.5962357023358346}, "Round 22": {"Accuracy/Testing Accuracy": 0.7077922077922078, "Loss/Testing Loss": 1.0242794783084423, "mean_training_loss": 0.3477101624689319}, "Round 23": {"Accuracy/Testing Accuracy": 0.7116883116883117, "Loss/Testing Loss": 1.0355331050885188, "mean_training_loss": 0.12359195418345433}, "Round 24": {"Accuracy/Testing Accuracy": 0.7233766233766233, "Loss/Testing Loss": 0.9802247242494063, "mean_training_loss": 0.09979768012417481}, "Round 25": {"Accuracy/Testing Accuracy": 0.7181818181818181, "Loss/Testing Loss": 0.9599902303187878, "mean_training_loss": 0.07379221370443702}, "Round 26": {"Accuracy/Testing Accuracy": 0.7038961038961039, "Loss/Testing Loss": 0.9858567496398827, "mean_training_loss": 0.032898181074831105}, "Round 27": {"Accuracy/Testing Accuracy": 0.7181818181818181, "Loss/Testing Loss": 0.9629804586435293, "mean_training_loss": 0.03776033821632154}, "Round 28": {"Accuracy/Testing Accuracy": 0.7337662337662337, "Loss/Testing Loss": 0.9247333004877165, "mean_training_loss": 0.8936442700680345}, "Round 29": {"Accuracy/Testing Accuracy": 0.7, "Loss/Testing Loss": 1.0147165190089833, "mean_training_loss": 0.031217445043980014}, "Round 30": {"Accuracy/Testing Accuracy": 0.6974025974025974, "Loss/Testing Loss": 0.9811358406946257, "mean_training_loss": 0.048423535963520406}, "Round 31": {"Accuracy/Testing Accuracy": 0.7103896103896103, "Loss/Testing Loss": 0.9390818684132068, "mean_training_loss": 0.06848337543620305}, "Round 32": {"Accuracy/Testing Accuracy": 0.7220779220779221, "Loss/Testing Loss": 0.9133291783270898, "mean_training_loss": 0.022026715910231524}, "Round 33": {"Accuracy/Testing Accuracy": 0.7285714285714285, "Loss/Testing Loss": 0.9127662359894096, "mean_training_loss": 0.03629057023596639}, "Round 34": {"Accuracy/Testing Accuracy": 0.7324675324675325, "Loss/Testing Loss": 0.8957200813603091, "mean_training_loss": 0.06495920717716216}, "Round 35": {"Accuracy/Testing Accuracy": 0.7363636363636363, "Loss/Testing Loss": 0.8646358497731097, "mean_training_loss": 0.054978603851050134}, "Round 36": {"Accuracy/Testing Accuracy": 0.7415584415584415, "Loss/Testing Loss": 0.8498800674042144, "mean_training_loss": 0.02704136997635942}, "Round 37": {"Accuracy/Testing Accuracy": 0.7454545454545455, "Loss/Testing Loss": 0.8281113799516256, "mean_training_loss": 0.029114160938188433}, "Round 38": {"Accuracy/Testing Accuracy": 0.7454545454545455, "Loss/Testing Loss": 0.8230054507007847, "mean_training_loss": 0.028138360842131078}, "Round 39": {"Accuracy/Testing Accuracy": 0.7454545454545455, "Loss/Testing Loss": 0.817936502339004, "mean_training_loss": 0.68236207261992}, "Round 40": {"Accuracy/Testing Accuracy": 0.7415584415584415, "Loss/Testing Loss": 0.823301084629901, "mean_training_loss": 0.027143042520619925}, "Round 41": {"Accuracy/Testing Accuracy": 0.7363636363636363, "Loss/Testing Loss": 0.814007693761355, "mean_training_loss": 0.13521827853877436}, "Round 42": {"Accuracy/Testing Accuracy": 0.7363636363636363, "Loss/Testing Loss": 0.8427639430219477, "mean_training_loss": 0.010595876053692057}, "Round 43": {"Accuracy/Testing Accuracy": 0.7337662337662337, "Loss/Testing Loss": 0.8520938035729644, "mean_training_loss": 0.05438480369953645}, "Round 44": {"Accuracy/Testing Accuracy": 0.7467532467532467, "Loss/Testing Loss": 0.8275302351295174, "mean_training_loss": 0.01050744393410591}, "Round 45": {"Accuracy/Testing Accuracy": 0.7428571428571429, "Loss/Testing Loss": 0.8590219070385029, "mean_training_loss": 0.4826281744548503}, "Round 46": {"Accuracy/Testing Accuracy": 0.7467532467532467, "Loss/Testing Loss": 0.865845407603623, "mean_training_loss": 0.5472467175958788}, "Round 47": {"Accuracy/Testing Accuracy": 0.7220779220779221, "Loss/Testing Loss": 0.9426589388351936, "mean_training_loss": 0.044661273385087644}, "Round 48": {"Accuracy/Testing Accuracy": 0.7337662337662337, "Loss/Testing Loss": 0.9160182144734766, "mean_training_loss": 0.009983362413809767}, "Round 49": {"Accuracy/Testing Accuracy": 0.7454545454545455, "Loss/Testing Loss": 0.8727265469439618, "mean_training_loss": 0.028305565075327953}, "Round 50": {"Accuracy/Testing Accuracy": 0.7545454545454545, "Loss/Testing Loss": 0.8488934982906688, "mean_training_loss": 0.02298436262179166}, "Round 51": {"Accuracy/Testing Accuracy": 0.7532467532467533, "Loss/Testing Loss": 0.8130300930568151, "mean_training_loss": 0.010900654043070971}, "Round 52": {"Accuracy/Testing Accuracy": 0.7467532467532467, "Loss/Testing Loss": 0.8056362625840422, "mean_training_loss": 0.010658378610387445}, "Round 53": {"Accuracy/Testing Accuracy": 0.7480519480519481, "Loss/Testing Loss": 0.80995525338433, "mean_training_loss": 0.580339974630624}, "Round 54": {"Accuracy/Testing Accuracy": 0.7324675324675325, "Loss/Testing Loss": 0.8615224550296734, "mean_training_loss": 0.009246657434029176}, "Round 55": {"Accuracy/Testing Accuracy": 0.7506493506493507,