{"Round 1": {"Accuracy/Testing Accuracy": 0.012987012987012988, "Loss/Testing Loss": 4.517292786883069, "mean_training_loss": 1.4350043890115463}, "Round 2": {"Accuracy/Testing Accuracy": 0.05844155844155844, "Loss/Testing Loss": 4.1255080706113345, "mean_training_loss": 1.098579098172486}, "Round 3": {"Accuracy/Testing Accuracy": 0.17012987012987013, "Loss/Testing Loss": 3.652307877602515, "mean_training_loss": 0.8764217624342757}, "Round 4": {"Accuracy/Testing Accuracy": 0.2701298701298701, "Loss/Testing Loss": 3.126492611154333, "mean_training_loss": 0.7569706996793256}, "Round 5": {"Accuracy/Testing Accuracy": 0.32987012987012987, "Loss/Testing Loss": 2.7395758672194046, "mean_training_loss": 0.5177876113864937}, "Round 6": {"Accuracy/Testing Accuracy": 0.38441558441558443, "Loss/Testing Loss": 2.4195379368670573, "mean_training_loss": 0.5607921555638314}, "Round 7": {"Accuracy/Testing Accuracy": 0.43246753246753245, "Loss/Testing Loss": 2.1402239842848343, "mean_training_loss": 0.4894133532748504}, "Round 8": {"Accuracy/Testing Accuracy": 0.4935064935064935, "Loss/Testing Loss": 1.9247463446158868, "mean_training_loss": 0.4371988257659333}, "Round 9": {"Accuracy/Testing Accuracy": 0.538961038961039, "Loss/Testing Loss": 1.7739814154513471, "mean_training_loss": 1.0485091004859317}, "Round 10": {"Accuracy/Testing Accuracy": 0.5584415584415584, "Loss/Testing Loss": 1.625335776341426, "mean_training_loss": 0.3259521359453599}, "Round 11": {"Accuracy/Testing Accuracy": 0.5922077922077922, "Loss/Testing Loss": 1.5042318313152758, "mean_training_loss": 0.272476106757919}, "Round 12": {"Accuracy/Testing Accuracy": 0.6116883116883117, "Loss/Testing Loss": 1.4267718299642786, "mean_training_loss": 0.2429398069301477}, "Round 13": {"Accuracy/Testing Accuracy": 0.6324675324675325, "Loss/Testing Loss": 1.3224685653463586, "mean_training_loss": 0.21647085872744873}, "Round 14": {"Accuracy/Testing Accuracy": 0.638961038961039, "Loss/Testing Loss": 1.2610376333261466, "mean_training_loss": 0.1963045696960762}, "Round 15": {"Accuracy/Testing Accuracy": 0.6675324675324675, "Loss/Testing Loss": 1.2204805730225203, "mean_training_loss": 0.20165875814008438}, "Round 16": {"Accuracy/Testing Accuracy": 0.6831168831168831, "Loss/Testing Loss": 1.1695764646901712, "mean_training_loss": 0.10859513542998364}, "Round 17": {"Accuracy/Testing Accuracy": 0.6896103896103896, "Loss/Testing Loss": 1.1630825076784406, "mean_training_loss": 0.14930104493327873}, "Round 18": {"Accuracy/Testing Accuracy": 0.6818181818181818, "Loss/Testing Loss": 1.1138579117787348, "mean_training_loss": 0.21183736842746534}, "Round 19": {"Accuracy/Testing Accuracy": 0.6987012987012987, "Loss/Testing Loss": 1.0931000025241406, "mean_training_loss": 0.1838965453580022}, "Round 20": {"Accuracy/Testing Accuracy": 0.6935064935064935, "Loss/Testing Loss": 1.0867951681087544, "mean_training_loss": 0.06753247095205422}, "Round 21": {"Accuracy/Testing Accuracy": 0.7, "Loss/Testing Loss": 1.0519817024082332, "mean_training_loss": 0.0636408108472824}, "Round 22": {"Accuracy/Testing Accuracy": 0.687012987012987, "Loss/Testing Loss": 1.0412956813713172, "mean_training_loss": 0.11424723877994851}, "Round 23": {"Accuracy/Testing Accuracy": 0.6974025974025974, "Loss/Testing Loss": 1.0154413704748277, "mean_training_loss": 0.09856534726503821}, "Round 24": {"Accuracy/Testing Accuracy": 0.7220779220779221, "Loss/Testing Loss": 0.9588827959902875, "mean_training_loss": 0.12585950428072143}, "Round 25": {"Accuracy/Testing Accuracy": 0.7181818181818181, "Loss/Testing Loss": 0.9415477938466258, "mean_training_loss": 0.19486712322316385}, "Round 26": {"Accuracy/Testing Accuracy": 0.7142857142857143, "Loss/Testing Loss": 0.9290445711705592, "mean_training_loss": 0.03392820347721378}, "Round 27": {"Accuracy/Testing Accuracy": 0.7233766233766233, "Loss/Testing Loss": 0.9152112262589591, "mean_training_loss": 0.03379239705391228}, "Round 28": {"Accuracy/Testing Accuracy": 0.7324675324675325, "Loss/Testing Loss": 0.8918730902981449, "mean_training_loss": 0.02929568766780636}, "Round 29": {"Accuracy/Testing Accuracy": 0.7233766233766233, "Loss/Testing Loss": 0.9069648957871771, "mean_training_loss": 0.6171492157628139}, "Round 30": {"Accuracy/Testing Accuracy": 0.7246753246753247, "Loss/Testing Loss": 0.9303399404922089, "mean_training_loss": 0.05091455124202184}, "Round 31": {"Accuracy/Testing Accuracy": 0.7311688311688311, "Loss/Testing Loss": 0.8937537532348138, "mean_training_loss": 0.07443171176974747}, "Round 32": {"Accuracy/Testing Accuracy": 0.7233766233766233, "Loss/Testing Loss": 0.8975660129026933, "mean_training_loss": 0.021430744823068382}, "Round 33": {"Accuracy/Testing Accuracy": 0.7233766233766233, "Loss/Testing Loss": 0.878783966968586, "mean_training_loss": 0.034573129729296145}, "Round 34": {"Accuracy/Testing Accuracy": 0.7402597402597403, "Loss/Testing Loss": 0.851073965468964, "mean_training_loss": 0.054529094644822175}, "Round 35": {"Accuracy/Testing Accuracy": 0.7519480519480519, "Loss/Testing Loss": 0.842495006245452, "mean_training_loss": 0.2768813323906877}, "Round 36": {"Accuracy/Testing Accuracy": 0.7415584415584415, "Loss/Testing Loss": 0.8569549283423981, "mean_training_loss": 0.048021228774450725}, "Round 37": {"Accuracy/Testing Accuracy": 0.7558441558441559, "Loss/Testing Loss": 0.8452599194142726, "mean_training_loss": 0.03290690768256106}, "Round 38": {"Accuracy/Testing Accuracy": 0.7506493506493507, "Loss/Testing Loss": 0.8319627613216252, "mean_training_loss": 0.01992491308134049}, "Round 39": {"Accuracy/Testing Accuracy": 0.7584415584415585, "Loss/Testing Loss": 0.8254241739000593, "mean_training_loss": 0.05287825606452923}, "Round 40": {"Accuracy/Testing Accuracy": 0.7623376623376623, "Loss/Testing Loss": 0.8119089403709808, "mean_training_loss": 0.18586123815991662}, "Round 41": {"Accuracy/Testing Accuracy": 0.7298701298701299, "Loss/Testing Loss": 0.8995730604444231, "mean_training_loss": 0.025873753923753445}, "Round 42": {"Accuracy/Testing Accuracy": 0.7285714285714285, "Loss/Testing Loss": 0.85655984259271, "mean_training_loss": 0.01626958489107589}, "Round 43": {"Accuracy/Testing Accuracy": 0.7428571428571429, "Loss/Testing Loss": 0.8317336650637838, "mean_training_loss": 0.025560864376732044}, "Round 44": {"Accuracy/Testing Accuracy": 0.7545454545454545, "Loss/Testing Loss": 0.810399388183247, "mean_training_loss": 0.012540978891775013}, "Round 45": {"Accuracy/Testing Accuracy": 0.7584415584415585, "Loss/Testing Loss": 0.8006847172588497, "mean_training_loss": 0.09166887052253717}, "Round 46": {"Accuracy/Testing Accuracy": 0.7662337662337663, "Loss/Testing Loss": 0.7871244069817779, "mean_training_loss": 0.022073511105392955}, "Round 47": {"Accuracy/Testing Accuracy": 0.7688311688311689, "Loss/Testing Loss": 0.7841863031511183, "mean_training_loss": 0.012393660023291078}, "Round 48": {"Accuracy/Testing Accuracy": 0.7636363636363637, "Loss/Testing Loss": 0.7962547910677922, "mean_training_loss": 0.009225854532354895}, "Round 49": {"Accuracy/Testing Accuracy": 0.7727272727272727, "Loss/Testing Loss": 0.7873888169016157, "mean_training_loss": 0.01454332428984344}, "Round 50": {"Accuracy/Testing Accuracy": 0.7701298701298701, "Loss/Testing Loss": 0.7771364948966286, "mean_training_loss": 0.6814924281090498}, "Round 51": {"Accuracy/Testing Accuracy": 0.7623376623376623, "Loss/Testing Loss": 0.7860138210383328, "mean_training_loss": 0.009657200555974507}, "Round 52": {"Accuracy/Testing Accuracy": 0.7636363636363637, "Loss/Testing Loss": 0.7730448112859354, "mean_training_loss": 0.009266113474344216}, "Round 53": {"Accuracy/Testing Accuracy": 0.7649350649350649, "Loss/Testing Loss": 0.7701497677084688, "mean_training_loss": 0.007122055619188092}, "Round 54": {"Accuracy/Testing Accuracy": 0.7532467532467533, "Loss/Testing Loss": 0.8112934045977407, "mean_training_loss": 0.02319269102687637}, "Round 55": {"Accuracy/Testing Accuracy": 0.7350649350649351,