{"Accuracy/Testing Accuracy": 0.2701298701298701, "Loss/Testing Loss": 3.342646936317543, "_timestamp": 1671602590.8170161, "_runtime": 772.9901990890503, "_step": 1, "mean_training_loss": 1.4139679515610137, "_wandb": {"runtime": 804}}