{"Accuracy/Testing Accuracy": 0.7077922077922078, "Loss/Testing Loss": 1.1391533189005667, "_timestamp": 1671638460.1797905, "_runtime": 10442.159089565277, "_step": 61, "mean_training_loss": 0.02403230193691949}