{"Accuracy/Testing Accuracy": 0.23896103896103896, "Loss/Testing Loss": 3.360521375358879, "_timestamp": 1671627339.3492005, "_runtime": 176.79356360435486, "_step": 1, "mean_training_loss": 2.5026282564798996, "_wandb": {"runtime": 319}}