{"Accuracy/Testing Accuracy": 0.012987012987012988, "Loss/Testing Loss": 4.517341133216759, "_timestamp": 1671592551.993291, "_runtime": 16.946106910705566, "_step": 0, "_wandb": {"runtime": 176}}