{"Accuracy/Testing Accuracy": 0.7402597402597403, "Loss/Testing Loss": 0.9115422508933327, "_timestamp": 1671642306.7760978, "_runtime": 2493.3457248210907, "_step": 19, "mean_training_loss": 0.04935276350671691}