{"Accuracy/Testing Accuracy": 0.012987012987012988, "Loss/Testing Loss": 4.517292786883069, "_timestamp": 1671638782.7118192, "_runtime": 10.861932277679443, "_step": 0, "_wandb": {"runtime": 127}}