{"Round 1": {"mean_training_loss": 3.6864749808060493}, "Round 2": {"mean_training_loss": 3.5702956450612917}, "Round 3": {"mean_training_loss": 3.2248982304020934}, "Round 4": {"mean_training_loss": 2.8807926265816937}, "Round 5": {"mean_training_loss": 2.5418763963799726}, "Round 6": {"mean_training_loss": 2.6212985001112283}, "Round 7": {"mean_training_loss": 2.2967384978344567}, "Round 8": {"mean_training_loss": 2.03115035203787}, "Round 9": {"mean_training_loss": 2.0816305888326543}, "Round 10": {"mean_training_loss": 1.531643910591419}, "Round 11": {"mean_training_loss": 1.5923056354889504}, "Round 12": {"mean_training_loss": 1.2058275197943054}, "Round 13": {"mean_training_loss": 1.321203937438818}, "Round 14": {"mean_training_loss": 1.370290086457604}, "Round 15": {"mean_training_loss": 1.1309497507718893}, "Round 16": {"mean_training_loss": 1.5590145123632329}, "Round 17": {"mean_training_loss": 1.0111020219953437}, "Round 18": {"mean_training_loss": 0.9218107858770772}, "Round 19": {"mean_training_loss": 1.0370831358891268}, "Round 20": {"mean_training_loss": 1.2019945441108002}, "Round 21": {"mean_training_loss": 0.9164469055439298}, "Round 22": {"mean_training_loss": 0.6808459296038276}, "Round 23": {"mean_training_loss": 0.7894671474632464}, "Round 24": {"mean_training_loss": 0.5861503406574851}, "Round 25": {"mean_training_loss": 0.4776479370892048}, "Round 26": {"mean_training_loss": 0.3960988966650084}, "Round 27": {"mean_training_loss": 0.8911411118048888}, "Round 28": {"mean_training_loss": 0.3614346793215526}, "Round 29": {"mean_training_loss": 0.4466090563292567}, "Round 30": {"mean_training_loss": 0.3429202250548099}, "Round 31": {"mean_training_loss": 0.235558313543075}, "Round 32": {"mean_training_loss": 0.24908228406780647}, "Round 33": {"mean_training_loss": 0.17017809407491433}, "Round 34": {"mean_training_loss": 0.5172298868688252}, "Round 35": {"mean_training_loss": 0.49179510588829334}, "Round 36": {"mean_training_loss": 0.16620067714860565}, "Round 37": {"mean_training_loss": 0.2890497786303361}, "Round 38": {"mean_training_loss": 0.44426115464705696}, "Round 39": {"mean_training_loss": 0.14225557869006145}, "Round 40": {"mean_training_loss": 0.219037798497205}, "Round 41": {"mean_training_loss": 0.16140596301932086}, "Round 42": {"mean_training_loss": 0.09442499741715821}, "Round 43": {"mean_training_loss": 0.12820238209280527}, "Round 44": {"mean_training_loss": 0.08659809473411817}, "Round 45": {"mean_training_loss": 0.08911526106592073}, "Round 46": {"mean_training_loss": 0.06269214343965838}, "Round 47": {"mean_training_loss": 0.07329250168741533}, "Round 48": {"mean_training_loss": 0.06245534150174966}, "Round 49": {"mean_training_loss": 0.04431841094537001}, "Round 50": {"mean_training_loss": 0.4624080813274934}, "Round 51": {"mean_training_loss": 0.08026507376252036}, "Round 52": {"mean_training_loss": 0.05464335127586596}, "Round 53": {"mean_training_loss": 0.04156426580034588}, "Round 54": {"mean_training_loss": 0.07058302659639401}, "Round 55": {"mean_training_loss": 0.04810266873876874}, "Round 56": {"mean_training_loss": 0.03080572102611002}, "Round 57": {"mean_training_loss": 0.028452482572021452}, "Round 58": {"mean_training_loss": 0.3866135708414591}, "Round 59": {"mean_training_loss": 0.17394814534256092}, "Round 60": {"mean_training_loss": 0.038781482346453955}, "Round 61": {"mean_training_loss": 0.07075020849394302}, "Round 62": {"mean_training_loss": 0.0952229676481623}, "Round 63": {"mean_training_loss": 0.09710459478486042}, "Round 64": {"mean_training_loss": 0.04011240322265382}, "Round 65": {"mean_training_loss": 0.04238034805360562}, "Round 66": {"mean_training_loss": 0.13541248334715}, "Round 67": {"mean_training_loss": 0.10151088158958235}, "Round 68": {"mean_training_loss": 0.04422503808072131}, "Round 69": {"mean_training_loss": 0.02056786093223644}, "Round 70": {"mean_training_loss": 0.029691752257119664}, "Round 71": {"mean_training_loss": 0.059510517621842715}, "Round 72": {"mean_training_loss": 0.029781261993278012}, "Round 73": {"mean_training_loss": 0.051186186472813665}, "Round 74": {"mean_training_loss": 0.02438040497516723}, "Round 75": {"mean_training_loss": 0.02170932682302709}, "Round 76": {"mean_training_loss": 0.0948864830013078}, "Round 77": {"mean_training_loss": 0.0215434435681489}, "Round 78": {"mean_training_loss": 0.018203519005328416}, "Round 79": {"mean_training_loss": 0.01398410810476267}, "Round 80": {"mean_training_loss": 0.00875266027440758}, "Round 81": {"mean_training_loss": 0.009979915436308242}, "Round 82": {"mean_training_loss": 0.01441066125795866}, "Round 83": {"mean_training_loss": 0.019177292257939516}, "Round 84": {"mean_training_loss": 0.012946298411892107}, "Round 85": {"mean_training_loss": 0.02436030113726462}, "Round 86": {"mean_training_loss": 0.14407345444107283}, "Round 87": {"mean_training_loss": 0.011723099769044079}, "Round 88": {"mean_training_loss": 0.016389377817119424}, "Round 89": {"mean_training_loss": 0.03109276548314553}, "Round 90": {"mean_training_loss": 0.01274901470965951}, "Round 91": {"mean_training_loss": 0.02124924917200891}, "Round 92": {"mean_training_loss": 0.01586556471639166}, "Round 93": {"mean_training_loss": 0.030405113964269943}, "Round 94": {"mean_training_loss": 0.014041703762976745}, "Round 95": {"mean_training_loss": 0.01575911354494134}, "Round 96": {"mean_training_loss": 0.022585140062997548}, "Round 97": {"mean_training_loss": 0.015264996386280186}, "Round 98": {"mean_training_loss": 0.04961987680468995}, "Round 99": {"mean_training_loss": 0.010194122758305942}, "Round 100": {"mean_training_loss": 0.009656175625461498}, "Round 101": {"mean_training_loss": 0.012717379400457599}, "Round 102": {"mean_training_loss": 0.016197086990667648}, "Round 103": {"mean_training_loss": 0.019537624726562126}, "Round 104": {"mean_training_loss": 0.039569115488288495}, "Round 105": {"mean_training_loss": 0.007081069515429829}, "Round 106": {"mean_training_loss": 0.012488543650282447}, "Round 107": {"mean_training_loss": 0.009022259104408716}, "Round 108": {"mean_training_loss": 0.005846315769993357}, "Round 109": {"mean_training_loss": 0.005186184279400071}, "Round 110": {"mean_training_loss": 0.008279443602077663}, "Round 111": {"mean_training_loss": 0.004411833706360898}, "Round 112": {"mean_training_loss": 0.008028957755059787}, "Round 113": {"mean_training_loss": 0.007567615893024665}, "Round 114": {"mean_training_loss": 0.009439069921101785}, "Round 115": {"mean_training_loss": 0.009611077778237432}, "Round 116": {"mean_training_loss": 0.011659651971422137}, "Round 117": {"mean_training_loss": 0.008420753026822289}, "Round 118": {"mean_training_loss": 0.0073778588508598905}, "Round 119": {"mean_training_loss": 0.011946984513017993}, "Round 120": {"mean_training_loss": 0.013732860279024432}, "Round 121": {"mean_training_loss": 0.00804712647437363}, "Round 122": {"mean_training_loss": 0.0052217861717125695}, "Round 123": {"mean_training_loss": 0.004973544157722868}, "Round 124": {"mean_training_loss": 0.007823286892380566}, "Round 125": {"mean_training_loss": 0.027276497255437647}, "Round 126": {"mean_training_loss": 0.005538101637686946}, "Round 127": {"mean_training_loss": 0.005744870426133275}, "Round 128": {"mean_training_loss": 0.005337588269091946}, "Round 129": {"mean_training_loss": 0.00405824863180322}, "Round 130": {"mean_training_loss": 0.009517260281912361}, "Round 131": {"mean_training_loss": 0.041564180219153826}, "Round 132": {"mean_training_loss": 0.027532701948299432}, "Round 133": {"mean_training_loss": 0.015576028773610136}, "Round 134": {"mean_training_loss": 0.01089753887714132}, "Round 135": {"mean_training_loss": 0.035696813478492774}, "Round 136": {"mean_training_loss": 0.005748340716728797}, "Round 137": {"mean_training_loss": 0.004081267668292499}, "Round 138": {"mean_training_loss": 0.07132817196229903}, "Round 139": {"mean_training_loss": 0.006754638224195403},