{"Accuracy/Testing Accuracy": 0.012987012987012988, "Loss/Testing Loss": 4.517341133216759, "_timestamp": 1671593231.3891068, "_runtime": 18.066407680511475, "_step": 0, "_wandb": {"runtime": 32}}