{"Accuracy/Testing Accuracy": 0.4636363636363636, "Loss/Testing Loss": 1.9277581400685495, "_timestamp": 1671642206.103772, "_runtime": 651.420923948288, "_step": 3, "mean_training_loss": 0.48694573538998764}