{"Accuracy/Testing Accuracy": 0.5896103896103896, "Loss/Testing Loss": 1.447090718034026, "_timestamp": 1671639500.7039034, "_runtime": 712.9510934352875, "_step": 4, "mean_training_loss": 0.09795127845320263}