{"Accuracy/Testing Accuracy": 0.7376623376623377, "Loss/Testing Loss": 0.9229520715676345, "_timestamp": 1671639619.2769172, "_runtime": 863.2486243247986, "_step": 9, "mean_training_loss": 0.07101939583050185}