{"Accuracy/Testing Accuracy": 0.012987012987012988, "Loss/Testing Loss": 4.517341133216759, "_timestamp": 1671593429.1403878, "_runtime": 17.53726577758789, "_step": 0, "_wandb": {"runtime": 395}}