{"Accuracy/Testing Accuracy": 0.2701298701298701, "Loss/Testing Loss": 3.342646936317543, "_timestamp": 1671595798.1882865, "_runtime": 984.0130236148834, "_step": 1, "mean_training_loss": 1.4139679515610137, "_wandb": {"runtime": 1152}}