{"Round 1": {"Accuracy/Testing Accuracy": 0.012987012987012988, "Loss/Testing Loss": 4.517292786883069, "mean_training_loss": 1.7419141148527466}, "Round 2": {"Accuracy/Testing Accuracy": 0.14155844155844155, "Loss/Testing Loss": 4.126301071860573, "mean_training_loss": 1.317928967109093}}