{"Round 1": {"selectd_client": [1, 2], "threshold_score": {"client_1": 0, "client_2": 0}, "training_loss": {"client_1": [3.6303819715976715, 1.9813805768887203, 1.5010963430007298, 1.1943499048550923, 0.964503824710846], "client_2": [3.4540265103181205, 1.8479224344094594, 1.3718010286490123, 1.1211722095807393, 0.9146483913064003]}, "selected_samples": [760, 760]}, "Round 2": {"selectd_client": [3, 0], "list_goodness": [67.50050098123107, 68.54861208640364], "f_round": 0.03176951555053924, "f_goodness": 0.014700573600988717, "sampler_rate": 0.704972734616468, "threshold_score": {"client_0": 60.422908276946416, "client_3": 60.422908276946416}, "training_loss": {"client_0": [3.4928015315014385, 1.917333089787027, 1.533397659011509, 1.2671284882918648, 1.0940253423607869], "client_3": [3.207244322850154, 1.1687373656492968, 0.846488003547375, 0.7345128701283381, 0.6326622733703027]}, "selected_samples": [415, 713]}}