{"Round 1": {"selectd_client": [1, 2], "threshold_score": {"client_1": 0, "client_2": 0}, "training_loss": {"client_1": [3.6303819715976715, 1.9813805768887203, 1.5010963430007298, 1.1943499048550923, 0.964503824710846], "client_2": [3.4540265103181205, 1.8479224344094594, 1.3718010286490123, 1.1211722095807393, 0.9146483913064003]}, "selected_samples": [760, 760]}, "Round 2": {"selectd_client": [3, 0], "list_goodness": [67.50050098123107, 68.54861208640364], "f_round": 0.03176951555053924, "f_goodness": 0.014700573600988717, "sampler_rate": 0.704972734616468, "threshold_score": {"client_0": 60.422908276946416, "client_3": 60.422908276946416}, "training_loss": {"client_0": [3.4928015315014385, 1.917333089787027, 1.533397659011509, 1.2671284882918648, 1.0940253423607869], "client_3": [3.207244322850154, 1.1687373656492968, 0.846488003547375, 0.7345128701283381, 0.6326622733703027]}, "selected_samples": [415, 713]}, "Round 3": {"selectd_client": [1, 2], "list_goodness": [83.11003696393904, 82.04610142915085], "f_round": 0.04243858831549067, "f_goodness": 0.012109752743429849, "sampler_rate": 0.6417355442840271, "threshold_score": {"client_1": 73.02137474895719, "client_2": 73.02137474895719}, "training_loss": {"client_1": [1.587094597518444, 0.7253221943974495, 0.6176849789917469, 0.5075950678437948, 0.3979193363338709], "client_2": [1.6099371512730916, 0.6618788878122965, 0.5874266902605693, 0.48173314531644185, 0.3820505698521932]}, "selected_samples": [502, 473]}, "Round 4": {"selectd_client": [1, 4], "list_goodness": [50.66037393477705, 85.08651137590384], "f_round": 0.047171723719894094, "f_goodness": 0.01473330305459786, "sampler_rate": 0.612549666764256, "threshold_score": {"client_1": 62.16348588163211, "client_4": 62.16348588163211}, "training_loss": {"client_1": [1.0099053502082824, 0.6648853331804275, 0.8781936049461365, 0.9132116198539734, 1.1550751030445099], "client_4": [2.671478033065796, 1.2993273170370805, 1.0037824668382342, 0.7954806905043753, 0.6050134897232056]}, "selected_samples": [293, 590]}, "Round 5": {"selectd_client": [7, 1], "list_goodness": [93.57254735149694, 39.02672343994193], "f_round": 0.04836694315958022, "f_goodness": 0.015083039205741453, "sampler_rate": 0.6052734292807963, "threshold_score": {"client_1": 31.081742940816056, "client_7": 31.081742940816056}, "training_loss": {"client_1": [0.6275208456949755, 0.261738273230466, 0.25230644372376526, 0.24093824760480362, 0.20701076903126456], "client_7": [2.3154223181984643, 0.9513157281008634, 0.7613432624123313, 0.7011530182578347, 0.6160595146092501]}, "selected_samples": [350, 340]}, "Round 6": {"selectd_client": [5, 3], "list_goodness": [97.75041288275905, 92.93601949654054], "f_round": 0.047574575645653094, "f_goodness": 0.010488423193223026, "sampler_rate": 0.6114060191681145, "threshold_score": {"client_3": 83.46484037707138, "client_5": 83.46484037707138}, "training_loss": {"client_3": [2.257448226213455, 1.3287279605865479, 1.5072058041890461, 1.522674798965454, 1.4586418171723683], "client_5": [2.740039457877477, 1.0064930021762848, 0.955406387646993, 0.8407863030831019, 0.7671634207169215]}, "selected_samples": [363, 358]}, "Round 7": {"selectd_client": [7, 2], "list_goodness": [91.43598811240625, 94.12829285030223], "f_round": 0.04571374102815125, "f_goodness": 0.010777936301232053, "sampler_rate": 0.6224841729407229, "threshold_score": {"client_2": 86.61445699507408, "client_7": 86.61445699507408}, "training_loss": {"client_2": [1.9053603172302247, 0.8338059226671855, 0.7900354782740275, 0.660701048374176, 0.5136456489562988], "client_7": [2.4711510464549065, 0.5661095418035984, 0.6564637869596481, 0.6906315088272095, 0.677844949066639]}, "selected_samples": [235, 474]}, "Round 8": {"selectd_client": [3, 5], "list_goodness": [99.00875496009037, 99.14929807552551], "f_round": 0.043320634344485985, "f_goodness": 0.01009295342461066, "sampler_rate": 0.637048307905701, "threshold_score": {"client_3": 85.53695657312579, "client_5": 85.53695657312579}, "training_loss": {"client_3": [1.896764372785886, 0.7550985266764959, 0.7382477422555288, 0.6613220075766245, 0.5431747436523438], "client_5": [2.467871993780136, 0.8914359559615453, 0.8845843921105067, 0.7745702763398489, 0.6461214770873388]}, "selected_samples": [375, 376]}, "Round 9": {"selectd_client": [6, 9], "list_goodness": [90.1637790849633, 87.42324444033599], "f_round": 0.04070701326363269, "f_goodness": 0.011262084133726568, "sampler_rate": 0.6523792951780859, "threshold_score": {"client_9": 81.22695488533263, "client_6": 81.22695488533263}, "training_loss": {"client_9": [2.8109696060419083, 0.7765792682766914, 0.6983331441879272, 0.7298626080155373, 0.7016691863536835], "client_6": [2.9323231842782764, 1.0223282509379916, 0.8292202154795328, 0.7669942047860887, 0.6914794511265225]}, "selected_samples": [279, 244]}, "Round 10": {"selectd_client": [6, 8], "list_goodness": [53.60773862771136, 108.56216158483555], "f_round": 0.03805299107399152, "f_goodness": 0.012332744839694132, "sampler_rate": 0.6679822301041426, "threshold_score": {"client_8": 61.085985459683826, "client_6": 61.085985459683826}, "training_loss": {"client_8": [2.834908837621862, 1.5138539726083928, 1.6176963719454678, 3.814247326417403, 4.2294617024334995], "client_6": [1.3091730227073033, 0.35037393867969513, 0.30795441071192425, 0.3287988056739171, 0.33907491465409595]}, "selected_samples": [186, 321]}, "Round 11": {"selectd_client": [6, 5], "list_goodness": [76.86344212203328, 113.69217790820393], "f_round": 0.035460778876191514, "f_goodness": 0.010495623270951765, "sampler_rate": 0.6840866397615654, "threshold_score": {"client_5": 72.93849010111502, "client_6": 72.93849010111502}, "training_loss": {"client_5": [2.0279752214749656, 1.0150683522224426, 0.9095157702763875, 0.7323068777720133, 0.5704366366068522], "client_6": [2.8981802378382002, 0.7277312449046544, 0.6736258608954293, 0.6774027858461652, 0.6900727578571865]}, "selected_samples": [211, 474]}, "Round 12": {"selectd_client": [5, 4], "list_goodness": [45.90861282965017, 103.37067720300821], "f_round": 0.03298608885879187, "f_goodness": 0.01339770573374547, "sampler_rate": 0.6980641551271252, "threshold_score": {"client_4": 37.629630120347976, "client_5": 37.629630120347976}, "training_loss": {"client_4": [2.1937172949314117, 1.2327021807432175, 0.9886555045843124, 0.7784069210290909, 0.6143637716770172], "client_5": [0.7634851899411943, 0.36229376163747573, 0.5143221749199761, 0.6641425920857323, 0.9124448895454407]}, "selected_samples": [263, 616]}}