{"Round 1": {"Accuracy/Testing Accuracy": 0.012987012987012988, "Loss/Testing Loss": 4.517292786883069, "mean_training_loss": 1.7419141148527466}, "Round 2": {"Accuracy/Testing Accuracy": 0.14155844155844155, "Loss/Testing Loss": 4.126301071860573, "mean_training_loss": 1.317928967109093}, "Round 3": {"Accuracy/Testing Accuracy": 0.18701298701298702, "Loss/Testing Loss": 3.7803469806522516, "mean_training_loss": 0.7446052889029184}, "Round 4": {"Accuracy/Testing Accuracy": 0.2532467532467532, "Loss/Testing Loss": 3.314587702069964, "mean_training_loss": 1.2750163994337382}, "Round 5": {"Accuracy/Testing Accuracy": 0.24935064935064935, "Loss/Testing Loss": 3.2499426073842232, "mean_training_loss": 1.0690587683157489}, "Round 6": {"Accuracy/Testing Accuracy": 0.24285714285714285, "Loss/Testing Loss": 3.5830886004807114, "mean_training_loss": 1.2619777143001558}, "Round 7": {"Accuracy/Testing Accuracy": 0.22857142857142856, "Loss/Testing Loss": 3.793241879847143, "mean_training_loss": 1.0124401666224003}, "Round 8": {"Accuracy/Testing Accuracy": 0.23506493506493506, "Loss/Testing Loss": 4.063180927796798, "mean_training_loss": 1.132916819055875}, "Round 9": {"Accuracy/Testing Accuracy": 0.32727272727272727, "Loss/Testing Loss": 3.1681249816696364, "mean_training_loss": 1.2484690613216824}, "Round 10": {"Accuracy/Testing Accuracy": 0.23116883116883116, "Loss/Testing Loss": 4.003006775348218, "mean_training_loss": 0.5270750184853872}, "Round 11": {"Accuracy/Testing Accuracy": 0.1987012987012987, "Loss/Testing Loss": 4.911624925786799, "mean_training_loss": 1.1334025774683272}, "Round 12": {"Accuracy/Testing Accuracy": 0.2844155844155844, "Loss/Testing Loss": 3.542816228990431, "mean_training_loss": 0.6433377216259639}}