{"Round 1": {"Accuracy/Testing Accuracy": 0.012987012987012988, "Loss/Testing Loss": 4.517341133216759, "mean_training_loss": 0.9998482635399947}}