{"Round 1": {"Accuracy/Testing Accuracy": 0.012987012987012988, "Loss/Testing Loss": 4.401900203506668, "mean_training_loss": 2.6272922337055205}, "Round 2": {"Accuracy/Testing Accuracy": 0.012987012987012988, "Loss/Testing Loss": 4.822714912117302, "mean_training_loss": 2.3942850907643636}, "Round 3": {"Accuracy/Testing Accuracy": 0.014285714285714285, "Loss/Testing Loss": 4.969296501209209, "mean_training_loss": 1.9648288413882256}, "Round 4": {"Accuracy/Testing Accuracy": 0.025974025974025976, "Loss/Testing Loss": 4.671526663643974, "mean_training_loss": 1.7996194536035712}, "Round 5": {"Accuracy/Testing Accuracy": 0.03506493506493506, "Loss/Testing Loss": 4.587149338908009, "mean_training_loss": 2.1813361088434857}, "Round 6": {"Accuracy/Testing Accuracy": 0.02857142857142857, "Loss/Testing Loss": 4.4521531872935105, "mean_training_loss": 1.657385183572769}, "Round 7": {"Accuracy/Testing Accuracy": 0.05714285714285714, "Loss/Testing Loss": 4.392464860693201, "mean_training_loss": 1.3819785618782043}, "Round 8": {"Accuracy/Testing Accuracy": 0.09350649350649351, "Loss/Testing Loss": 4.137342123551802, "mean_training_loss": 1.6118875953886245}, "Round 9": {"Accuracy/Testing Accuracy": 0.08831168831168831, "Loss/Testing Loss": 4.17352884342144, "mean_training_loss": 1.1567134025422008}, "Round 10": {"Accuracy/Testing Accuracy": 0.11558441558441558, "Loss/Testing Loss": 3.7429820153620335, "mean_training_loss": 0.7215316589921713}, "Round 11": {"Accuracy/Testing Accuracy": 0.12077922077922078, "Loss/Testing Loss": 3.8800663471221926, "mean_training_loss": 0.5864510333165527}, "Round 12": {"Accuracy/Testing Accuracy": 0.12337662337662338, "Loss/Testing Loss": 3.877216398561156, "mean_training_loss": 0.7453253563907412}, "Round 13": {"Accuracy/Testing Accuracy": 0.13896103896103895, "Loss/Testing Loss": 3.7377130384569046, "mean_training_loss": 0.6148243920670616}, "Round 14": {"Accuracy/Testing Accuracy": 0.14155844155844155, "Loss/Testing Loss": 3.682743810059188, "mean_training_loss": 0.6608050654331843}, "Round 15": {"Accuracy/Testing Accuracy": 0.15064935064935064, "Loss/Testing Loss": 3.6858333234663134, "mean_training_loss": 0.5509952998906373}, "Round 16": {"Accuracy/Testing Accuracy": 0.17142857142857143, "Loss/Testing Loss": 3.5213464569735837, "mean_training_loss": 1.2967886937161288}, "Round 17": {"Accuracy/Testing Accuracy": 0.14545454545454545, "Loss/Testing Loss": 3.538421703313852, "mean_training_loss": 0.35824958863668144}, "Round 18": {"Accuracy/Testing Accuracy": 0.18051948051948052, "Loss/Testing Loss": 3.4514435805283585, "mean_training_loss": 0.38463346354663375}, "Round 19": {"Accuracy/Testing Accuracy": 0.22727272727272727, "Loss/Testing Loss": 3.226944457091294, "mean_training_loss": 0.8421516868472099}, "Round 20": {"Accuracy/Testing Accuracy": 0.19220779220779222, "Loss/Testing Loss": 3.3460669492746327, "mean_training_loss": 1.0940413152178128}, "Round 21": {"Accuracy/Testing Accuracy": 0.1987012987012987, "Loss/Testing Loss": 3.3163127639076926, "mean_training_loss": 0.3160272231118547}, "Round 22": {"Accuracy/Testing Accuracy": 0.23376623376623376, "Loss/Testing Loss": 3.042490294072535, "mean_training_loss": 0.6270128027959304}, "Round 23": {"Accuracy/Testing Accuracy": 0.23376623376623376, "Loss/Testing Loss": 3.1046135190245394, "mean_training_loss": 0.7440982722987731}, "Round 24": {"Accuracy/Testing Accuracy": 0.19480519480519481, "Loss/Testing Loss": 3.192187470275086, "mean_training_loss": 0.20943488900084048}, "Round 25": {"Accuracy/Testing Accuracy": 0.23636363636363636, "Loss/Testing Loss": 3.2105220949494995, "mean_training_loss": 0.21722234509264426}, "Round 26": {"Accuracy/Testing Accuracy": 0.24935064935064935, "Loss/Testing Loss": 2.961064557286052, "mean_training_loss": 0.1473234593247374}, "Round 27": {"Accuracy/Testing Accuracy": 0.287012987012987, "Loss/Testing Loss": 2.701599054212694, "mean_training_loss": 0.8869460122151807}, "Round 28": {"Accuracy/Testing Accuracy": 0.22207792207792207, "Loss/Testing Loss": 3.344527326930653, "mean_training_loss": 0.11836491322610528}, "Round 29": {"Accuracy/Testing Accuracy": 0.2662337662337662, "Loss/Testing Loss": 3.013146279694198, "mean_training_loss": 0.2558846610908707}, "Round 30": {"Accuracy/Testing Accuracy": 0.2779220779220779, "Loss/Testing Loss": 2.8176128145936246, "mean_training_loss": 0.12926555676385762}, "Round 31": {"Accuracy/Testing Accuracy": 0.2753246753246753, "Loss/Testing Loss": 2.862530635239242, "mean_training_loss": 0.14003008272964507}, "Round 32": {"Accuracy/Testing Accuracy": 0.2688311688311688, "Loss/Testing Loss": 2.9172408326879724, "mean_training_loss": 0.6159952749631235}, "Round 33": {"Accuracy/Testing Accuracy": 0.18441558441558442, "Loss/Testing Loss": 3.4833216859148695, "mean_training_loss": 0.12810805373359474}, "Round 34": {"Accuracy/Testing Accuracy": 0.2974025974025974, "Loss/Testing Loss": 2.755871968455129, "mean_training_loss": 0.18243989981710912}, "Round 35": {"Accuracy/Testing Accuracy": 0.3038961038961039, "Loss/Testing Loss": 2.8282758687997793, "mean_training_loss": 1.2838421698245739}, "Round 36": {"Accuracy/Testing Accuracy": 0.3, "Loss/Testing Loss": 2.762086131355979, "mean_training_loss": 0.1270238427021964}, "Round 37": {"Accuracy/Testing Accuracy": 0.2766233766233766, "Loss/Testing Loss": 2.8681771241225205, "mean_training_loss": 0.12320418298089257}, "Round 38": {"Accuracy/Testing Accuracy": 0.2805194805194805, "Loss/Testing Loss": 3.119997939815769, "mean_training_loss": 0.1235354527598247}, "Round 39": {"Accuracy/Testing Accuracy": 0.3, "Loss/Testing Loss": 2.936572790765143, "mean_training_loss": 0.11510886009147563}, "Round 40": {"Accuracy/Testing Accuracy": 0.33246753246753247, "Loss/Testing Loss": 2.574083528270969, "mean_training_loss": 0.08777875235769898}, "Round 41": {"Accuracy/Testing Accuracy": 0.3155844155844156, "Loss/Testing Loss": 2.9183670248304097, "mean_training_loss": 0.07949344962623647}, "Round 42": {"Accuracy/Testing Accuracy": 0.2948051948051948, "Loss/Testing Loss": 2.773870461327689, "mean_training_loss": 0.04960808839532547}, "Round 43": {"Accuracy/Testing Accuracy": 0.2792207792207792, "Loss/Testing Loss": 2.8046407253711254, "mean_training_loss": 0.058674360664250955}, "Round 44": {"Accuracy/Testing Accuracy": 0.3168831168831169, "Loss/Testing Loss": 2.713109928601748, "mean_training_loss": 0.11035289190582591}, "Round 45": {"Accuracy/Testing Accuracy": 0.3038961038961039, "Loss/Testing Loss": 2.998583648111913, "mean_training_loss": 0.10183241660706699}, "Round 46": {"Accuracy/Testing Accuracy": 0.3103896103896104, "Loss/Testing Loss": 2.7331355899959417, "mean_training_loss": 1.1530360592901707}, "Round 47": {"Accuracy/Testing Accuracy": 0.3246753246753247, "Loss/Testing Loss": 2.720665339061192, "mean_training_loss": 0.52814864863952}, "Round 48": {"Accuracy/Testing Accuracy": 0.3064935064935065, "Loss/Testing Loss": 2.778363025343263, "mean_training_loss": 0.08428518942303279}, "Round 49": {"Accuracy/Testing Accuracy": 0.3077922077922078, "Loss/Testing Loss": 2.845062242854725, "mean_training_loss": 1.0904938816369394}, "Round 50": {"Accuracy/Testing Accuracy": 0.32597402597402597, "Loss/Testing Loss": 2.8412220515214, "mean_training_loss": 0.09640116796468975}, "Round 51": {"Accuracy/Testing Accuracy": 0.35584415584415585, "Loss/Testing Loss": 2.6030605545291654, "mean_training_loss": 0.20762740549716083}, "Round 52": {"Accuracy/Testing Accuracy": 0.38701298701298703, "Loss/Testing Loss": 2.5245636196879597, "mean_training_loss": 0.021850201049043488}, "Round 53": {"Accuracy/Testing Accuracy": 0.38961038961038963, "Loss/Testing Loss": 2.5587401743059033, "mean_training_loss": 0.01755558364384342}, "Round 54": {"Accuracy/Testing Accuracy": 0.34025974025974026, "Loss/Testing Loss": 2.670744430244743, "mean_training_loss": 0.07223137932208677}, "Round 55": {"Accuracy/Testing Accuracy": 0.34155844155844156, "Loss/Testing Loss": 2.7405073741813757,