{"Round 1": {"Accuracy/Testing Accuracy": 0.012987012987012988, "Loss/Testing Loss": 4.517292786883069, "mean_training_loss": 0.9868163499825944}, "Round 2": {"Accuracy/Testing Accuracy": 0.14935064935064934, "Loss/Testing Loss": 5.015606574269084, "mean_training_loss": 0.7927645908031417}, "Round 3": {"Accuracy/Testing Accuracy": 0.18961038961038962, "Loss/Testing Loss": 4.834273727218826, "mean_training_loss": 0.398219586807924}}