{"Round 1": {"selectd_client": [1, 2], "selected_ratio": 1, "threshold_score": {"client_1": 0, "client_2": 0}, "training_loss": {"client_1": [3.4886021812756858, 1.2217096909880638, 0.44587780969838303, 0.17659728120391568, 0.0729484693147242], "client_2": [3.3085926274458566, 1.11525962750117, 0.36692845324675244, 0.13156787864863873, 0.07689273085755606]}, "selected_samples": [760, 760]}}