{"Round 1": {"Accuracy/Testing Accuracy": 0.7740259740259741, "Loss/Testing Loss": 0.8249268065799367, "mean_training_loss": 0.001956357720667835}, "Round 2": {"Accuracy/Testing Accuracy": 0.7740259740259741, "Loss/Testing Loss": 0.8249268065799367, "mean_training_loss": 0.001956357720667835}, "Round 3": {"Accuracy/Testing Accuracy": 0.7740259740259741, "Loss/Testing Loss": 0.8249268065799367, "mean_training_loss": 0.001956357720667835}, "Round 4": {"Accuracy/Testing Accuracy": 0.7740259740259741, "Loss/Testing Loss": 0.8249268065799367, "mean_training_loss": 0.001956357720667835}, "Round 5": {"Accuracy/Testing Accuracy": 0.7740259740259741, "Loss/Testing Loss": 0.8249268065799367, "mean_training_loss": 0.001956357720667835}, "Round 6": {"Accuracy/Testing Accuracy": 0.7740259740259741, "Loss/Testing Loss": 0.8249268065799367, "mean_training_loss": 0.001956357720667835}, "Round 7": {"Accuracy/Testing Accuracy": 0.7740259740259741, "Loss/Testing Loss": 0.8249268065799367, "mean_training_loss": 0.001956357720667835}, "Round 8": {"Accuracy/Testing Accuracy": 0.7740259740259741, "Loss/Testing Loss": 0.8249268065799367, "mean_training_loss": 0.001956357720667835}, "Round 9": {"Accuracy/Testing Accuracy": 0.7740259740259741, "Loss/Testing Loss": 0.8249268065799367, "mean_training_loss": 0.001956357720667835}, "Round 10": {"Accuracy/Testing Accuracy": 0.7740259740259741, "Loss/Testing Loss": 0.8249268065799367, "mean_training_loss": 0.001956357720667835}, "Round 11": {"Accuracy/Testing Accuracy": 0.7740259740259741, "Loss/Testing Loss": 0.8249268065799367, "mean_training_loss": 0.001956357720667835}, "Round 12": {"Accuracy/Testing Accuracy": 0.7740259740259741, "Loss/Testing Loss": 0.8249268065799367, "mean_training_loss": 0.001956357720667835}, "Round 13": {"Accuracy/Testing Accuracy": 0.7740259740259741, "Loss/Testing Loss": 0.8249268065799367, "mean_training_loss": 0.001956357720667835}, "Round 14": {"Accuracy/Testing Accuracy": 0.7740259740259741, "Loss/Testing Loss": 0.8249268065799367, "mean_training_loss": 0.001956357720667835}, "Round 15": {"Accuracy/Testing Accuracy": 0.7740259740259741, "Loss/Testing Loss": 0.8249268065799367, "mean_training_loss": 0.001956357720667835}, "Round 16": {"Accuracy/Testing Accuracy": 0.7740259740259741, "Loss/Testing Loss": 0.8249268065799367, "mean_training_loss": 0.001956357720667835}, "Round 17": {"Accuracy/Testing Accuracy": 0.7740259740259741, "Loss/Testing Loss": 0.8249268065799367, "mean_training_loss": 0.001956357720667835}, "Round 18": {"Accuracy/Testing Accuracy": 0.7740259740259741, "Loss/Testing Loss": 0.8249268065799367, "mean_training_loss": 0.001956357720667835}, "Round 19": {"Accuracy/Testing Accuracy": 0.7740259740259741, "Loss/Testing Loss": 0.8249268065799367, "mean_training_loss": 0.001956357720667835}, "Round 20": {"Accuracy/Testing Accuracy": 0.7740259740259741, "Loss/Testing Loss": 0.8249268065799367, "mean_training_loss": 0.001956357720667835}, "Round 21": {"Accuracy/Testing Accuracy": 0.7740259740259741, "Loss/Testing Loss": 0.8249268065799367, "mean_training_loss": 0.001956357720667835}, "Round 22": {"Accuracy/Testing Accuracy": 0.7740259740259741, "Loss/Testing Loss": 0.8249268065799367, "mean_training_loss": 0.001956357720667835}, "Round 23": {"Accuracy/Testing Accuracy": 0.7740259740259741, "Loss/Testing Loss": 0.8249268065799367, "mean_training_loss": 0.001956357720667835}, "Round 24": {"Accuracy/Testing Accuracy": 0.7740259740259741, "Loss/Testing Loss": 0.8249268065799367, "mean_training_loss": 0.001956357720667835}, "Round 25": {"Accuracy/Testing Accuracy": 0.7740259740259741, "Loss/Testing Loss": 0.8249268065799367, "mean_training_loss": 0.001956357720667835}, "Round 26": {"Accuracy/Testing Accuracy": 0.7740259740259741, "Loss/Testing Loss": 0.8249268065799367, "mean_training_loss": 0.001956357720667835}, "Round 27": {"Accuracy/Testing Accuracy": 0.7740259740259741, "Loss/Testing Loss": 0.8249268065799367, "mean_training_loss": 0.001956357720667835}, "Round 28": {"Accuracy/Testing Accuracy": 0.7740259740259741, "Loss/Testing Loss": 0.8249268065799367, "mean_training_loss": 0.001956357720667835}, "Round 29": {"Accuracy/Testing Accuracy": 0.7740259740259741, "Loss/Testing Loss": 0.8249268065799367, "mean_training_loss": 0.001956357720667835}, "Round 30": {"Accuracy/Testing Accuracy": 0.7740259740259741, "Loss/Testing Loss": 0.8249268065799367, "mean_training_loss": 0.001956357720667835}, "Round 31": {"Accuracy/Testing Accuracy": 0.7740259740259741, "Loss/Testing Loss": 0.8249268065799367, "mean_training_loss": 0.001956357720667835}, "Round 32": {"Accuracy/Testing Accuracy": 0.7740259740259741, "Loss/Testing Loss": 0.8249268065799367, "mean_training_loss": 0.001956357720667835}, "Round 33": {"Accuracy/Testing Accuracy": 0.7740259740259741, "Loss/Testing Loss": 0.8249268065799367, "mean_training_loss": 0.001956357720667835}, "Round 34": {"Accuracy/Testing Accuracy": 0.7740259740259741, "Loss/Testing Loss": 0.8249268065799367, "mean_training_loss": 0.001956357720667835}, "Round 35": {"Accuracy/Testing Accuracy": 0.7740259740259741, "Loss/Testing Loss": 0.8249268065799367, "mean_training_loss": 0.001956357720667835}, "Round 36": {"Accuracy/Testing Accuracy": 0.7740259740259741, "Loss/Testing Loss": 0.8249268065799367, "mean_training_loss": 0.001956357720667835}, "Round 37": {"Accuracy/Testing Accuracy": 0.7740259740259741, "Loss/Testing Loss": 0.8249268065799367, "mean_training_loss": 0.001956357720667835}, "Round 38": {"Accuracy/Testing Accuracy": 0.7740259740259741, "Loss/Testing Loss": 0.8249268065799367, "mean_training_loss": 0.001956357720667835}, "Round 39": {"Accuracy/Testing Accuracy": 0.7740259740259741, "Loss/Testing Loss": 0.8249268065799367, "mean_training_loss": 0.001956357720667835}, "Round 40": {"Accuracy/Testing Accuracy": 0.7740259740259741, "Loss/Testing Loss": 0.8249268065799367, "mean_training_loss": 0.001956357720667835}, "Round 41": {"Accuracy/Testing Accuracy": 0.7740259740259741, "Loss/Testing Loss": 0.8249268065799367, "mean_training_loss": 0.001956357720667835}, "Round 42": {"Accuracy/Testing Accuracy": 0.7740259740259741, "Loss/Testing Loss": 0.8249268065799367, "mean_training_loss": 0.001956357720667835}, "Round 43": {"Accuracy/Testing Accuracy": 0.7740259740259741, "Loss/Testing Loss": 0.8249268065799367, "mean_training_loss": 0.001956357720667835}, "Round 44": {"Accuracy/Testing Accuracy": 0.7740259740259741, "Loss/Testing Loss": 0.8249268065799367, "mean_training_loss": 0.001956357720667835}, "Round 45": {"Accuracy/Testing Accuracy": 0.7740259740259741, "Loss/Testing Loss": 0.8249268065799367, "mean_training_loss": 0.001956357720667835}, "Round 46": {"Accuracy/Testing Accuracy": 0.7740259740259741, "Loss/Testing Loss": 0.8249268065799367, "mean_training_loss": 0.001956357720667835}, "Round 47": {"Accuracy/Testing Accuracy": 0.7740259740259741, "Loss/Testing Loss": 0.8249268065799367, "mean_training_loss": 0.001956357720667835}, "Round 48": {"Accuracy/Testing Accuracy": 0.7740259740259741, "Loss/Testing Loss": 0.8249268065799367, "mean_training_loss": 0.001956357720667835}, "Round 49": {"Accuracy/Testing Accuracy": 0.7740259740259741, "Loss/Testing Loss": 0.8249268065799367, "mean_training_loss": 0.001956357720667835}, "Round 50": {"Accuracy/Testing Accuracy": 0.7740259740259741, "Loss/Testing Loss": 0.8249268065799367, "mean_training_loss": 0.001956357720667835}, "Round 51": {"Accuracy/Testing Accuracy": 0.7740259740259741, "Loss/Testing Loss": 0.8249268065799367, "mean_training_loss": 0.001956357720667835}, "Round 52": {"Accuracy/Testing Accuracy": 0.7740259740259741, "Loss/Testing Loss": 0.8249268065799367, "mean_training_loss": 0.001956357720667835}, "Round 53": {"Accuracy/Testing Accuracy": 0.7740259740259741, "Loss/Testing Loss": 0.8249268065799367, "mean_training_loss": 0.001956357720667835}, "Round 54": {"Accuracy/Testing Accuracy": 0.7740259740259741, "Loss/Testing Loss": 0.8249268065799367, "mean_training_loss": 0.001956357720667835},