{"Round 1": {"Accuracy/Testing Accuracy": 0.008530805687203791, "Loss/Testing Loss": 5.1433474622066555, "mean_training_loss": 0.9500641377908844}, "Round 2": {"Accuracy/Testing Accuracy": 0.010900473933649289, "Loss/Testing Loss": 5.192199589968857, "mean_training_loss": 0.9741688615083696}, "Round 3": {"Accuracy/Testing Accuracy": 0.02843601895734597, "Loss/Testing Loss": 5.240146192216195, "mean_training_loss": 0.7662567424005828}, "Round 4": {"Accuracy/Testing Accuracy": 0.03886255924170616, "Loss/Testing Loss": 5.286387585463682, "mean_training_loss": 0.8969044032751728}, "Round 5": {"Accuracy/Testing Accuracy": 0.07345971563981042, "Loss/Testing Loss": 5.075712644206404, "mean_training_loss": 0.5224500974773297}, "Round 6": {"Accuracy/Testing Accuracy": 0.11706161137440758, "Loss/Testing Loss": 5.004314776958448, "mean_training_loss": 0.7426589876930746}, "Round 7": {"Accuracy/Testing Accuracy": 0.13270142180094788, "Loss/Testing Loss": 4.890140275367628, "mean_training_loss": 0.32946208458659904}, "Round 8": {"Accuracy/Testing Accuracy": 0.17440758293838862, "Loss/Testing Loss": 4.874572080006532, "mean_training_loss": 0.5063816516815375}, "Round 9": {"Accuracy/Testing Accuracy": 0.1928909952606635, "Loss/Testing Loss": 4.792006355213328, "mean_training_loss": 0.8150516846882445}, "Round 10": {"Accuracy/Testing Accuracy": 0.1872037914691943, "Loss/Testing Loss": 4.701020973440595, "mean_training_loss": 0.20804120606875848}, "Round 11": {"Accuracy/Testing Accuracy": 0.18909952606635072, "Loss/Testing Loss": 4.663574357507353, "mean_training_loss": 0.26211516783306643}, "Round 12": {"Accuracy/Testing Accuracy": 0.2213270142180095, "Loss/Testing Loss": 4.622675408910236, "mean_training_loss": 0.2644108345809703}, "Round 13": {"Accuracy/Testing Accuracy": 0.25308056872037915, "Loss/Testing Loss": 4.493435758889004, "mean_training_loss": 0.0996337177378959}, "Round 14": {"Accuracy/Testing Accuracy": 0.26066350710900477, "Loss/Testing Loss": 4.533499863249431, "mean_training_loss": 0.22823433192845966}, "Round 15": {"Accuracy/Testing Accuracy": 0.2720379146919431, "Loss/Testing Loss": 4.514116967006882, "mean_training_loss": 0.22051077010775252}}