{"Round 1": {"Accuracy/Testing Accuracy": 0.008530805687203791, "Loss/Testing Loss": 5.1433474622066555, "mean_training_loss": 0.9500641377908844}, "Round 2": {"Accuracy/Testing Accuracy": 0.010900473933649289, "Loss/Testing Loss": 5.192199589968857, "mean_training_loss": 0.9741688615083696}, "Round 3": {"Accuracy/Testing Accuracy": 0.02843601895734597, "Loss/Testing Loss": 5.240146192216195, "mean_training_loss": 0.7662567424005828}, "Round 4": {"Accuracy/Testing Accuracy": 0.03886255924170616, "Loss/Testing Loss": 5.286387585463682, "mean_training_loss": 0.8969044032751728}, "Round 5": {"Accuracy/Testing Accuracy": 0.07345971563981042, "Loss/Testing Loss": 5.075712644206404, "mean_training_loss": 0.5224500974773297}, "Round 6": {"Accuracy/Testing Accuracy": 0.11706161137440758, "Loss/Testing Loss": 5.004314776958448, "mean_training_loss": 0.7426589876930746}, "Round 7": {"Accuracy/Testing Accuracy": 0.13270142180094788, "Loss/Testing Loss": 4.890140275367628, "mean_training_loss": 0.32946208458659904}, "Round 8": {"Accuracy/Testing Accuracy": 0.17440758293838862, "Loss/Testing Loss": 4.874572080006532, "mean_training_loss": 0.5063816516815375}, "Round 9": {"Accuracy/Testing Accuracy": 0.1928909952606635, "Loss/Testing Loss": 4.792006355213328, "mean_training_loss": 0.8150516846882445}, "Round 10": {"Accuracy/Testing Accuracy": 0.1872037914691943, "Loss/Testing Loss": 4.701020973440595, "mean_training_loss": 0.20804120606875848}, "Round 11": {"Accuracy/Testing Accuracy": 0.18909952606635072, "Loss/Testing Loss": 4.663574357507353, "mean_training_loss": 0.26211516783306643}, "Round 12": {"Accuracy/Testing Accuracy": 0.2213270142180095, "Loss/Testing Loss": 4.622675408910236, "mean_training_loss": 0.2644108345809703}, "Round 13": {"Accuracy/Testing Accuracy": 0.25308056872037915, "Loss/Testing Loss": 4.493435758889004, "mean_training_loss": 0.0996337177378959}, "Round 14": {"Accuracy/Testing Accuracy": 0.26066350710900477, "Loss/Testing Loss": 4.533499863249431, "mean_training_loss": 0.22823433192845966}, "Round 15": {"Accuracy/Testing Accuracy": 0.2720379146919431, "Loss/Testing Loss": 4.514116967006882, "mean_training_loss": 0.22051077010775252}, "Round 16": {"Accuracy/Testing Accuracy": 0.290521327014218, "Loss/Testing Loss": 4.450877110991998, "mean_training_loss": 0.16710704602301119}, "Round 17": {"Accuracy/Testing Accuracy": 0.2729857819905213, "Loss/Testing Loss": 4.553119309140608, "mean_training_loss": 0.08905266565515807}, "Round 18": {"Accuracy/Testing Accuracy": 0.3009478672985782, "Loss/Testing Loss": 4.458174217820733, "mean_training_loss": 0.12907946047572688}, "Round 19": {"Accuracy/Testing Accuracy": 0.3080568720379147, "Loss/Testing Loss": 4.455536606865471, "mean_training_loss": 0.0665678666804784}, "Round 20": {"Accuracy/Testing Accuracy": 0.30947867298578197, "Loss/Testing Loss": 4.495695227582308, "mean_training_loss": 0.1333679554414832}, "Round 21": {"Accuracy/Testing Accuracy": 0.30995260663507107, "Loss/Testing Loss": 4.4658926425951915, "mean_training_loss": 0.033678335936642004}, "Round 22": {"Accuracy/Testing Accuracy": 0.32606635071090045, "Loss/Testing Loss": 4.422741255827989, "mean_training_loss": 0.10507436589271361}, "Round 23": {"Accuracy/Testing Accuracy": 0.3289099526066351, "Loss/Testing Loss": 4.4739455566587045, "mean_training_loss": 0.09588530314171553}, "Round 24": {"Accuracy/Testing Accuracy": 0.34454976303317536, "Loss/Testing Loss": 4.422179007417218, "mean_training_loss": 0.06299616229786936}, "Round 25": {"Accuracy/Testing Accuracy": 0.34170616113744073, "Loss/Testing Loss": 4.433568815258442, "mean_training_loss": 0.11450846610989955}, "Round 26": {"Accuracy/Testing Accuracy": 0.3412322274881517, "Loss/Testing Loss": 4.444998772110419, "mean_training_loss": 0.029514186915108247}, "Round 27": {"Accuracy/Testing Accuracy": 0.34454976303317536, "Loss/Testing Loss": 4.48275335908501, "mean_training_loss": 0.049987759333037375}, "Round 28": {"Accuracy/Testing Accuracy": 0.3587677725118483, "Loss/Testing Loss": 4.451561266099107, "mean_training_loss": 0.05639759781770408}, "Round 29": {"Accuracy/Testing Accuracy": 0.35308056872037913, "Loss/Testing Loss": 4.467631580479337, "mean_training_loss": 0.019541175544605053}, "Round 30": {"Accuracy/Testing Accuracy": 0.34739336492890993, "Loss/Testing Loss": 4.465715917252816, "mean_training_loss": 0.14355494407063815}, "Round 31": {"Accuracy/Testing Accuracy": 0.35545023696682465, "Loss/Testing Loss": 4.459374068246634, "mean_training_loss": 0.105673261359334}, "Round 32": {"Accuracy/Testing Accuracy": 0.36066350710900474, "Loss/Testing Loss": 4.459848288676185, "mean_training_loss": 0.04326536515228716}, "Round 33": {"Accuracy/Testing Accuracy": 0.35402843601895734, "Loss/Testing Loss": 4.522308477519248, "mean_training_loss": 0.03874688227237625}, "Round 34": {"Accuracy/Testing Accuracy": 0.36161137440758295, "Loss/Testing Loss": 4.511909095709923, "mean_training_loss": 0.08635909848048219}, "Round 35": {"Accuracy/Testing Accuracy": 0.35308056872037913, "Loss/Testing Loss": 4.562745496560047, "mean_training_loss": 0.027801160703945373}, "Round 36": {"Accuracy/Testing Accuracy": 0.35924170616113743, "Loss/Testing Loss": 4.574035254925914, "mean_training_loss": 0.042963583253523605}}