{"Round 1": {"selectd_client": [1, 2, 7], "threshold_score": 0, "training_loss": {"client_1": [3.612644702196121, 1.1937376111745834, 0.38086608424782753, 0.1065910030156374, 0.03203594742808491], "client_2": [3.226716765335628, 1.0257844116006578, 0.39777124247380663, 0.202116017096809, 0.09941225352564029], "client_7": [3.3490032809121266, 0.8966891169548035, 0.24700371388878142, 0.1472017653286457, 0.11042281187006406]}, "selected_samples": [250, 425, 425]}, "Round 2": {"selectd_client": [3, 0, 2], "threshold_score": 0, "training_loss": {"client_0": [3.4913417426022617, 0.9204217060045763, 0.31501585922457953, 0.09309233758937228, 0.029726555655625733], "client_2": [2.1446241395814076, 0.594571937407766, 0.21373640692659787, 0.12723540607839823, 0.09616745136944312], "client_3": [3.388146146138509, 1.0139730711778006, 0.3122063994407654, 0.10018865081171195, 0.05633003997306029]}, "selected_samples": [475, 350, 425]}, "Round 3": {"selectd_client": [1, 2, 9], "threshold_score": 0, "training_loss": {"client_1": [2.600492089986801, 0.4952801503241062, 0.13044751016423106, 0.03963617130648345, 0.014245041296817362], "client_2": [1.2512315000806535, 0.217875050380826, 0.08771153818815947, 0.05173032341658005, 0.0203959018524204], "client_9": [3.054668813943863, 0.5191642865538597, 0.14636642741970718, 0.061784558347426355, 0.04929962573805824]}, "selected_samples": [250, 425, 250]}, "Round 4": {"selectd_client": [1, 4, 3], "threshold_score": 0, "training_loss": {"client_1": [2.06691587716341, 0.35084186866879463, 0.07032278133556247, 0.02778095379471779, 0.012389588810037822], "client_3": [2.1127484798431397, 0.4398064384857813, 0.10968859332303206, 0.04271464459598064, 0.021579440434773764], "client_4": [3.321142598202354, 0.8308567671399367, 0.24311311190065585, 0.061864830847633515, 0.02754470828528467]}, "selected_samples": [250, 600, 475]}, "Round 5": {"selectd_client": [7, 1, 4], "threshold_score": 0, "training_loss": {"client_1": [1.431204691529274, 0.26097442489117384, 0.056651763152331114, 0.021154336107429117, 0.013476211577653885], "client_4": [1.8951096879808527, 0.3246588769711946, 0.10503190000982661, 0.043938362480778446, 0.016035754331632665], "client_7": [1.9977643745286124, 0.33419230952858925, 0.15597865624087198, 0.0778153422953827, 0.04649980479319181]}, "selected_samples": [425, 250, 600]}, "Round 6": {"selectd_client": [5, 3, 9], "threshold_score": 0, "training_loss": {"client_9": [2.3194113597273827, 0.2645393284037709, 0.09153349953703582, 0.06244662718381733, 0.04509813210461289], "client_3": [1.535981531937917, 0.23048278391361238, 0.06842697920898597, 0.029072313755750655, 0.0136837061184148], "client_5": [2.801792780558268, 0.6086865166823069, 0.19039586062232652, 0.08843301857511203, 0.023986762027359672]}, "selected_samples": [275, 475, 250]}, "Round 7": {"selectd_client": [7, 2, 4], "threshold_score": 0, "training_loss": {"client_2": [1.080362236925534, 0.19339895940252713, 0.06527604601745095, 0.037474331845130236, 0.027638503350317478], "client_4": [1.2215100558180558, 0.21617477191121956, 0.05186538859025428, 0.022514199666482836, 0.008183469738517152], "client_7": [1.2804975850241525, 0.20082330437643187, 0.10113738996109792, 0.051281896220254045, 0.013570247351058893]}, "selected_samples": [425, 425, 600]}, "Round 8": {"selectd_client": [3, 5, 1], "threshold_score": 0, "training_loss": {"client_1": [1.5544594079256058, 0.2874728552997112, 0.05851640517357737, 0.019362936029210687, 0.018367452692473307], "client_3": [0.9128275553385417, 0.16878298098842304, 0.05770694352686405, 0.018687973699222007, 0.009776152639339368], "client_5": [2.1222084760665894, 0.27398259772194755, 0.09151717875566748, 0.03441485007190042, 0.009785155791582333]}, "selected_samples": [475, 275, 250]}, "Round 9": {"selectd_client": [6, 9, 3], "threshold_score": 0, "training_loss": {"client_9": [1.8061557784676552, 0.19046778231859207, 0.06590972212143242, 0.04492344782920554, 0.028211322496645153], "client_3": [0.5491332769393921, 0.10087905662755171, 0.02907609970619281, 0.011833196288595598, 0.007716054500391086], "client_6": [2.8786332181521823, 0.7748703509569168, 0.2127914290343012, 0.14720687323382922, 0.061756552063993046]}, "selected_samples": [425, 250, 475]}, "Round 10": {"selectd_client": [6, 8, 7], "threshold_score": 0, "training_loss": {"client_8": [2.323539625514637, 0.3667666580189358, 0.14244529063051398, 0.05899579196491025, 0.04654738408598033], "client_6": [1.728421470948628, 0.32306039120469776, 0.15917846161339963, 0.11031012276985816, 0.06762200381074633], "client_7": [0.8050822360174996, 0.09906717749046427, 0.045859579129942825, 0.029211607029927627, 0.06098543067595789]}, "selected_samples": [425, 325, 425]}, "Round 11": {"selectd_client": [6, 5, 8], "threshold_score": 0, "training_loss": {"client_8": [1.4310772527347912, 0.21976212683049115, 0.15525769272988493, 0.09911592169241472, 0.05541682615876198], "client_5": [1.5529994037416246, 0.19013606508572897, 0.0639839909142918, 0.025417667347937822, 0.007264277794294887], "client_6": [0.9392632352454322, 0.19071010127663612, 0.0628279536696417, 0.06418023471321378, 0.05359431426040828]}, "selected_samples": [425, 275, 325]}, "Round 12": {"selectd_client": [5, 4, 0], "threshold_score": 0, "training_loss": {"client_0": [1.9165499914776196, 0.30003180693496356, 0.16168271817944266, 0.04550128654492172, 0.03502097378738902], "client_4": [0.8353611921009264, 0.12467947014068302, 0.03551859119416852, 0.014249930525884816, 0.0072941407071132405], "client_5": [1.10101893875334, 0.1592179180847274, 0.029931400281687576, 0.014514981251623895, 0.01737093453347269]}, "selected_samples": [275, 600, 350]}, "Round 13": {"selectd_client": [0, 3, 4], "threshold_score": 0, "training_loss": {"client_0": [1.212249300696633, 0.21799380874091928, 0.05065731788900765, 0.028311767022718082, 0.01458105207844214], "client_3": [0.5504889488220215, 0.08385029969116052, 0.020823640935122966, 0.010815663170069456, 0.005686697612206141], "client_4": [0.39584753701561376, 0.0612363712862134, 0.02343024019347994, 0.011024851768620704, 0.00662958842555159]}, "selected_samples": [350, 475, 600]}, "Round 14": {"selectd_client": [0, 5, 7], "threshold_score": 0, "training_loss": {"client_0": [0.8706252656199716, 0.15576716309243982, 0.0434590077705004, 0.01983163831755519, 0.006272377319295298], "client_5": [0.8023762752612432, 0.11936115535597007, 0.036746802325877875, 0.011658737927468287, 0.00887564192008641], "client_7": [0.6339187866875103, 0.16455009393393993, 0.12344241767589535, 0.12939127694283212, 0.08986908440212053]}, "selected_samples": [350, 275, 425]}, "Round 15": {"selectd_client": [5, 2, 6], "threshold_score": 0, "training_loss": {"client_2": [0.8877736691917691, 0.15029279914285457, 0.05416625312396458, 0.03058845117422087, 0.04140969360845962], "client_5": [0.5671461655033959, 0.07280474735630883, 0.019625131868653826, 0.010754959502567848, 0.0075142334939705], "client_6": [0.8333603739738464, 0.11586388027561563, 0.06956959828468305, 0.04314834182150662, 0.040611656183110814]}, "selected_samples": [275, 425, 425]}, "Round 16": {"selectd_client": [5, 6, 7], "threshold_score": 0, "training_loss": {"client_5": [0.39370640201701057, 0.044207832051648036, 0.017639915148417156, 0.006308806232280201, 0.004022076777699921], "client_6": [0.4508015758224896, 0.05124031033899103, 0.0228887328744999, 0.010079206034008945, 0.007175688399001956], "client_7": [0.41003325102584703, 0.09649983926543168, 0.15703620295971632, 0.11322683967383844, 0.05873909719022257]}, "selected_samples": [275, 425, 425]}, "Round 17": {"selectd_client": [4, 3, 2], "threshold_score": 0, "training_loss": {"client_2": [0.6319506434457642, 0.1361764319507139, 0.11070827062108687, 0.07709205436653324, 0.06253188229831201], "client_3": [0.5113790834943454, 0.05859795846045017, 0.017184478075553972, 0.008963421359658242, 0.005246266582980752],