{
    "Round 1": {
        "Accuracy/Testing Accuracy": 0.012987012987012988,
        "Loss/Testing Loss": 4.517292786883069,
        "mean_training_loss": 1.4350043890115463
    },
    "Round 2": {
        "Accuracy/Testing Accuracy": 0.05844155844155844,
        "Loss/Testing Loss": 4.1255080706113345,
        "mean_training_loss": 1.074488245301387
    }
}