{"Accuracy/Testing Accuracy": 0.7428571428571429, "Loss/Testing Loss": 0.9706454832832535, "_timestamp": 1671638553.4522166, "_runtime": 10542.22876572609, "_step": 64, "mean_training_loss": 0.030636210559475185}