{"Round 1": {"selectd_client": [23, 81, 85], "score_list": {"client_23": [43.0190984416995, 66.52746098670687, 26.88595020845113, 39.54729498927845, 37.19748024109999, 50.25271769597395, 57.03082866010084, 36.983503020507754, 46.59429027121014, 68.5995533371331, 55.30868118382407, 44.57246327476719, 50.897353283711396, 51.365708665691564, 51.97958078702333, 43.296680619873186, 46.52733116719008, 41.20945982694787, 51.54367417863012, 58.604688210270616, 58.28584563070179, 62.201535418790876, 44.70639432878311, 49.925926799862836, 47.70076561503827, 39.34103565543744, 49.82180239794037, 81.57646244754005, 41.85240566938627, 50.50974921104517, 54.82735888808298, 46.09240104859842, 55.12782778979944, 51.32567863066913, 39.57414248800263, 43.82316798859023, 53.726070350014275, 49.5283426829143, 43.92087884230094, 44.13293335675823, 59.49298150115372, 56.52201233955388, 47.88100240430026, 51.167124578467735, 51.863523612050386, 44.32542172210153, 39.75321701888499, 59.85644025101062, 43.779109547993556], "client_81": [46.54986936284582, 62.71926608732688, 49.0305137054741, 45.924177816200256, 40.461780514820056, 52.73431304537926, 48.90147248671171, 47.75427799525643, 50.87426040812657, 74.58740975943505, 52.397476427490645, 50.87426040812657, 52.565507409336995, 56.97922011487066, 40.5189419124096, 40.461780514820056, 59.23827286337767, 41.05320490966715, 51.67346216701229, 45.602610096963964, 52.73431304537926, 53.83318563678616, 51.87084719249317, 44.088663853445674, 62.40060204750637, 50.729239601851184, 59.77734779342988, 55.75113521926629, 58.36250053238859, 40.39850109156506, 40.620367728689985, 45.90036463906683, 53.806968104247396, 47.69255591830789, 59.13211499580584, 42.39150063807421, 54.4319466535393, 49.66459845420222, 58.092506860616844, 49.87558422394594, 32.09097124011632, 53.719354536226966, 52.33448947862691, 43.55867428178416, 46.74044407768901, 53.67907681266183, 45.07802527864721, 50.48214431512226, 53.35743790325309, 51.454330414072935, 40.699176351867976, 40.71025592693949, 53.04238334514316, 62.38211590848454, 52.71449803067692, 44.690633046702054], "client_85": [54.3001415108915, 36.33060043116659, 57.57082792073511, 61.94398601501405, 53.26983474673962, 44.20047844486604, 50.767793964057276, 47.460728164590996, 45.13421917030375, 39.63736235981609, 58.43424850490253, 45.73037920391771, 54.46624723916812, 52.75769257514594, 45.954491288695685, 48.125552923898375, 54.346700590041074, 44.67960489720106, 41.96928236739804, 48.0853844536476, 47.188414031775686, 38.5073016055229, 46.68046802123019, 35.621603171176574, 51.134463301006114, 53.325446359836135, 68.03449330611652, 58.5967491323619, 41.005769878880265, 40.982290786515286, 54.00849485735333, 54.72876700583988, 51.29294432909359, 44.307522911290185, 44.06280967614663, 50.61056706358054, 62.33023808007936, 45.82595938728746, 58.5967491323619, 50.22555102778744, 39.32954446159538, 52.43682983600364, 41.08898535877128, 31.247238147560516, 51.503440045401334, 42.631891995911616, 57.64490870658562, 48.21881170850108, 53.290260614055775, 46.02897012091784, 42.68246541971397, 57.165868072716556, 51.419293946452996, 55.35972279566814, 41.07229828955684, 49.86864067301576, 52.362362400833426, 49.60072487645801, 41.47363135959992, 47.56791043768423, 42.24301701724326, 51.863523612050386, 54.32369390062965, 49.44577336683377, 51.46240991055493, 49.76548603137598, 42.029249167487016, 47.484928564649195, 48.696804366137044, 39.76920923082884, 45.84807505414213, 40.7250500163547, 77.36307048550027, 48.56340407913665, 61.77716562963179, 46.471638552568685, 54.30664140446903, 56.75538593414098, 42.51742153630786, 51.231928114340555, 58.409464023406166, 53.97614534826094, 47.6222287280021, 59.86662559818342, 55.232341380718815, 39.01844639664594, 58.881915350150166, 56.02163705220968, 48.93770875296561, 50.32739514442386, 48.69326497548098, 66.90925806038513, 53.7280474221729, 32.15745059940194, 50.38993661396122, 36.97342843925092, 51.6729469965503, 46.28860824764493, 48.81299895859242, 44.55073567897885, 58.895727841074255, 58.59239492163235, 44.797114914638435, 45.346317565365986, 42.78912479188558, 43.779109547993556, 49.12477606628253, 46.06073660268256, 48.645987539751715, 46.21589201175646, 55.436398539961544, 35.520824066665085, 60.04083557618311, 49.644443051810576, 59.117596034415314, 47.80296785098083, 50.902845389206334, 52.18381229027078, 44.6105947237765, 26.473585072811495, 49.07313067102837, 50.902845389206334, 67.69375055917241, 46.57626819432224, 45.45355610044997, 53.26820839673182, 32.19117196675918, 49.994316431610656, 32.36500054670798, 51.76962496710689, 58.78630784171133, 66.55866677514955, 43.87677583448608, 49.07799199464963, 45.884393667056834, 49.49252223024116, 53.66319398255154, 59.47511598056509]}, "threshold_score": 45.82595938728746, "training_loss": {"client_81": [5.414801359176636, 3.254639506340027, 1.9367295503616333, 1.7257769107818604, 0.883272111415863], "client_85": [5.169451713562012, 4.698188602924347, 3.077527642250061, 2.6773878931999207, 2.7302460372447968], "client_23": [5.354986190795898, 4.623414039611816, 3.396245002746582, 2.1812663078308105, 1.4079879522323608]}, "selected_samples": [31, 41, 97]}, "Round 2": {"selectd_client": [21, 9, 42], "score_list": {"client_21": [46.70494564566371, 34.057933998484266, 40.519926410131205, 69.32299772040403, 68.04247986357176, 66.10483523097453, 60.07603152734353, 60.01397857701166, 46.324593966696156, 40.35411777135371, 28.344304166265648, 59.33671739568159, 46.05431178490828, 47.94646206575083, 60.2164010760934, 48.846099399064684, 47.88912219947551, 47.993024214638915, 57.088898949535476, 43.881693659296644, 46.79067328879766, 41.593987065981956, 34.94213089773185, 56.63614671922899, 54.82554273386342, 53.92632561061209, 38.11941749481735, 48.72865104498675, 50.63009325823302, 38.11941749481735, 51.231165896669545, 51.84262101384887, 42.48349462412443, 38.44356755073448, 56.180545697765275, 39.13160498116968, 34.32069580779704, 52.854413416467516, 52.75423570047372, 47.090286484564345, 49.74702003401115, 70.89127217013672, 47.02432439308721, 57.62602997297536, 49.01753806690201, 54.89043065776251, 34.81050884189387, 40.85506112109514, 37.779520373982656, 55.56590767948653, 62.36852815300442, 62.210364088394364, 42.614615351029876, 32.75449825920079, 48.66194803487694, 47.531546102712774, 51.92856235584387, 63.00289407062957, 49.50195633461902, 37.779520373982656, 64.22750353857631, 53.173438594985626, 57.8078868643385, 54.05818525874554, 48.2764580927911, 55.46571917499694, 44.32688357233478, 48.33265550571631, 46.86354879074874, 48.41645704317574, 69.36360022548196, 49.30106493422293, 37.876324983116774, 45.18094430243795, 49.818302452628146, 50.60457711037314, 49.84513004378314, 43.28568079916651, 46.81853246533954, 50.42728648176635, 59.04278671139627, 45.01017889392626, 55.89358899616676, 64.76779746391215, 55.10658084733204, 57.00286518957041, 61.53782510038939, 50.72810748853084, 56.30426361314372, 47.12298570554689, 43.21192366457198, 53.61986787336398, 54.201762660265004, 58.71496215989217, 53.61986787336398, 61.18124299313275, 47.63629789063674, 60.276350574144615, 38.758868351606004, 54.736084276251496, 49.85692262338586, 49.546602148026444, 59.61693835473169, 55.197161195705235, 52.82365607461412, 61.52578089924568, 38.00634839848862, 46.61335674901167, 38.235209794648014, 36.19342219434053, 48.506241864173575, 55.73519604736925, 54.497852511827595, 41.15836797327922, 58.2058321791653, 56.08707499290839],