{"Round 1": {"selectd_client": [23, 81, 85], "score_list": {"client_23": [5.026446342468262, 5.3388237953186035, 5.1135101318359375, 5.376156806945801, 5.338035583496094, 6.264997482299805, 4.908222675323486, 4.904515266418457, 4.714720726013184, 4.553583145141602, 4.375047206878662, 5.304914951324463, 5.202058792114258, 4.8311285972595215, 4.415720462799072, 5.514432907104492, 5.427021026611328, 4.797994136810303, 4.790042877197266, 5.480560302734375, 4.964332580566406, 4.26676607131958, 5.521235466003418, 5.091742038726807, 5.590498924255371, 5.042399883270264, 5.350066184997559, 6.917145252227783, 5.429128646850586, 4.970499038696289, 4.829265594482422, 5.175022602081299, 5.958873748779297, 4.760837078094482, 5.499585151672363, 5.226759910583496, 5.084842205047607, 4.777058124542236, 4.874756813049316, 5.0274553298950195, 6.033839702606201, 4.9869065284729, 5.81658935546875, 5.226245403289795, 5.53395414352417, 4.965521335601807, 5.245357036590576, 5.45556640625, 5.413799285888672], "client_81": [5.876772880554199, 5.8113813400268555, 4.679379463195801, 5.272500991821289, 5.188277244567871, 5.154047012329102, 5.741274833679199, 5.537249565124512, 5.382326602935791, 4.9381818771362305, 5.181300163269043, 5.382326602935791, 4.820952892303467, 4.991591453552246, 5.936765670776367, 5.188277244567871, 5.549306869506836, 5.138124465942383, 5.625270843505859, 5.316566467285156, 5.154047012329102, 5.760436058044434, 5.195742130279541, 4.587610721588135, 6.03302001953125, 6.335849761962891, 5.928540229797363, 6.707603931427002, 4.972857475280762, 4.900856971740723, 4.68972635269165, 5.406933307647705, 6.152799129486084, 6.284144401550293, 6.258482933044434, 5.486565113067627, 5.415921211242676, 5.779547691345215, 6.651085376739502, 5.869704246520996, 5.236636638641357, 5.323543548583984, 5.140720367431641, 4.903558731079102, 5.541782379150391, 5.518415451049805, 6.249856948852539, 5.43669319152832, 5.244968891143799, 6.169929504394531, 4.680759906768799, 5.700508117675781, 4.570628643035889, 6.742863178253174, 4.984125137329102, 5.942094802856445], "client_85": [5.456708908081055, 5.246382713317871, 5.4199395179748535, 4.580420970916748, 5.280085563659668, 4.737748622894287, 4.511569023132324, 5.634992599487305, 5.289568901062012, 4.8384294509887695, 4.898651123046875, 4.788963317871094, 5.648151874542236, 5.783161163330078, 5.18342399597168, 6.019454002380371, 6.355071067810059, 4.9515910148620605, 5.424709320068359, 5.052300930023193, 5.175374507904053, 5.114914417266846, 6.302204132080078, 4.9474592208862305, 5.306978702545166, 5.169661045074463, 5.100358963012695, 5.116588115692139, 5.245550632476807, 4.8230061531066895, 5.241743087768555, 5.376953125, 5.072174072265625, 5.889880180358887, 4.828354835510254, 5.278608322143555, 4.607265472412109, 5.516454219818115, 5.116588115692139, 5.004907608032227, 5.389352321624756, 4.586429595947266, 4.807953834533691, 4.9673895835876465, 5.13007116317749, 4.9279584884643555, 4.6573357582092285, 5.722822666168213, 5.301936149597168, 4.9886651039123535, 4.301641464233398, 5.415605545043945, 4.718936920166016, 5.462477207183838, 4.9001336097717285, 5.261715412139893, 5.068361759185791, 5.518598556518555, 5.1568684577941895, 5.259553909301758, 5.306198596954346, 5.53395414352417, 5.222404479980469, 4.570528984069824, 4.957327365875244, 4.69755220413208, 4.926351070404053, 5.603190898895264, 5.946189880371094, 5.323315620422363, 5.608077049255371, 4.984347343444824, 5.510207176208496, 5.470090866088867, 5.579897403717041, 5.601180553436279, 4.561480522155762, 4.780154228210449, 5.000709533691406, 4.9066972732543945, 4.447812080383301, 5.205068588256836, 5.603775978088379, 6.1813154220581055, 4.431378364562988, 5.745140075683594, 5.444940567016602, 4.417802333831787, 6.20116662979126, 4.8212456703186035, 4.9734954833984375, 5.542632102966309, 5.474440097808838, 5.710638046264648, 5.404483318328857, 5.098873615264893, 5.233222007751465, 5.803011417388916, 4.0353827476501465, 5.186690807342529, 4.93251895904541, 6.5455322265625, 4.548467636108398, 5.368618011474609, 4.618279933929443, 5.413799285888672, 5.458735942840576, 4.560608863830566, 5.8406171798706055, 4.851284027099609, 5.15939998626709, 5.095457077026367, 4.327920913696289, 5.012782096862793, 4.4332275390625, 5.370608806610107, 4.316672325134277, 5.679434299468994, 5.275444507598877, 5.222768783569336, 5.969391345977783, 4.316672325134277, 4.3789567947387695, 4.741987705230713, 5.875288009643555, 5.741052627563477, 4.846932888031006, 5.815752029418945, 5.032461166381836, 5.132523536682129, 4.997677803039551, 5.625762939453125, 5.209801197052002, 4.215964317321777, 5.090752124786377, 5.231494903564453, 4.734885215759277, 5.475245475769043]}, "threshold_score": 4.95, "training_loss": {"client_81": [5.495208740234375, 3.166612148284912, 1.852957844734192, 1.0333925485610962, 0.6969619393348694], "client_85": [5.281241575876872, 3.5571494897206626, 2.173342307408651, 1.2639192342758179, 0.7049057284990946], "client_23": [5.373024225234985, 4.330523490905762, 3.548159956932068, 3.4984352588653564, 3.1813440322875977]}, "selected_samples": [35, 47, 96]}}