{"Round 1": {"selectd_client": [23, 81, 85, 34, 62, 46, 42, 31, 93, 11, 22, 77, 66, 13, 10, 68, 27, 36, 86, 40, 19, 1, 3, 16, 17, 29, 49, 45, 58, 37], "training_loss": {"client_1": [4.709293842315674, 1.3073405424753826, 0.8830825487772623, 0.30459123849868774, 0.22428363809982935], "client_3": [4.923684597015381, 2.4846979777018228, 1.4621045589447021, 0.8655984997749329, 0.501131554444631], "client_10": [4.600854992866516, 4.794036090373993, 4.214552283287048, 3.500852882862091, 4.280710339546204], "client_11": [4.832357565561931, 2.5592811902364097, 1.5187758207321167, 0.8757085800170898, 0.43894749879837036], "client_13": [5.268045902252197, 4.087180137634277, 2.281003713607788, 1.0682202577590942, 0.7113710045814514], "client_16": [5.0323004722595215, 4.011454105377197, 2.4663891792297363, 1.292751669883728, 0.8017663359642029], "client_17": [5.203778266906738, 3.8842146396636963, 2.008633852005005, 0.8206799626350403, 0.36933061480522156], "client_19": [4.611614656448364, 2.095371055603027, 1.0258439421653747, 0.5250675976276398, 0.22598208039999007], "client_22": [5.201347827911377, 4.472557544708252, 3.2703845500946045, 1.9999480247497559, 1.1273428201675415], "client_23": [5.494726657867432, 4.381692409515381, 4.461844086647034, 3.4249895811080933, 3.0881584882736206], "client_27": [5.161916255950928, 4.091635227203369, 2.5211336612701416, 1.193681240081787, 0.5311095714569092], "client_29": [5.405834913253784, 3.795067548751831, 2.1276928186416626, 1.0085513591766357, 0.5346469581127167], "client_31": [5.518526554107666, 1.2338550090789795, 0.0013609204906970263, 1.7881377516459906e-06, 0.0], "client_34": [5.008320013682048, 3.330880800882975, 1.9933825333913167, 1.1126344799995422, 0.6885112623373667], "client_36": [4.459514081478119, 2.5792526602745056, 1.578159898519516, 0.8487450629472733, 0.5699068531394005], "client_37": [5.133360385894775, 4.426842927932739, 2.199108839035034, 2.1415496468544006, 1.5328853130340576], "client_40": [5.204087972640991, 3.2313625812530518, 1.876841127872467, 1.210286557674408, 0.6059227883815765], "client_42": [4.94616174697876, 3.3289051055908203, 1.8640996813774109, 1.1335268318653107, 0.605155810713768], "client_45": [5.025454998016357, 3.5361849069595337, 2.169626474380493, 1.223004400730133, 0.6797724962234497], "client_46": [5.186436891555786, 3.9513107538223267, 2.28251051902771, 1.245280921459198, 0.6406911015510559], "client_49": [5.112196922302246, 5.259896596272786, 3.9207284450531006, 1.8492139329512913, 2.532922903696696], "client_58": [5.51845645904541, 4.800693035125732, 3.609586715698242, 2.343048572540283, 1.3864535093307495], "client_62": [4.761744022369385, 2.649397611618042, 1.5316988229751587, 0.7470078766345978, 0.34013256058096886], "client_66": [5.081595738728841, 3.3295220534006753, 1.9183625777562459, 1.0849414666493733, 0.6009569068749746], "client_68": [5.151460886001587, 3.402301549911499, 1.9500927925109863, 1.2546595931053162, 1.0212173759937286], "client_77": [5.137265682220459, 3.611820697784424, 1.912345051765442, 1.1601521968841553, 0.9657204747200012], "client_81": [5.424391508102417, 3.6934083700180054, 2.482171654701233, 1.1017327010631561, 1.3296261131763458], "client_85": [5.208267052968343, 3.6065253416697183, 2.082929333051046, 1.295590837796529, 0.738002359867096], "client_86": [4.519899487495422, 2.5833316147327423, 1.3636302947998047, 0.7039824947714806, 0.32786507345736027], "client_93": [5.219675540924072, 3.5674020051956177, 1.8686479926109314, 1.007838785648346, 0.5476824343204498]}, "selected_samples": [34, 39, 96, 80, 109, 50, 53, 1, 56, 81, 27, 42, 91, 24, 97, 43, 18, 125, 238, 64, 145, 73, 84, 24, 14, 46, 65, 56, 29, 36]}, "Round 2": {"selectd_client": [21, 9, 42, 76, 74, 6, 20, 45, 70, 27, 79, 8, 40, 99, 33, 50, 17, 13, 78, 49, 63, 4, 62, 67, 57, 71, 2, 64, 19, 11], "training_loss": {"client_2": [4.83163595199585, 2.3068125247955322, 1.1376787573099136, 0.5834473371505737, 0.2710122838616371], "client_4": [5.12529993057251, 3.1213144659996033, 1.8900701701641083, 0.9396252930164337, 0.4591176137328148], "client_6": [4.985256195068359, 3.753978729248047, 2.018094539642334, 0.8491128087043762, 0.34650999307632446], "client_8": [5.1649534702301025, 3.4545657634735107, 1.6782681941986084, 1.052717000246048, 0.5688420087099075], "client_9": [4.785875606536865, 2.2906346797943113, 1.3835727095603942, 1.0801725268363953, 0.600389638543129], "client_11": [4.525835196177165, 2.4779013792673745, 1.234065572420756, 0.6789194941520691, 0.411633829275767], "client_13": [5.290151119232178, 4.118147373199463, 2.325876474380493, 1.1371794939041138, 0.6760186553001404], "client_17": [5.196568965911865, 3.8648955821990967, 1.9247382879257202, 0.7060195207595825, 0.29112982749938965], "client_19": [4.177143096923828, 2.0239293813705443, 1.1235676169395448, 0.5498023986816406, 0.23169286847114562], "client_20": [4.453469097614288, 2.1822504699230194, 1.0475831031799316, 0.5918765366077423, 0.2521406151354313], "client_21": [5.198779424031575, 3.368281284968058, 1.8214787244796753, 1.0644302169481914, 0.5594374140103658], "client_27": [5.143824100494385, 4.06535530090332, 2.45231294631958, 1.1047883033752441, 0.46677154302597046], "client_33": [4.980396747589111, 4.074005603790283, 2.6973671913146973, 1.4929357767105103, 0.8645325303077698], "client_40": [5.059674024581909, 3.1026229858398438, 1.744083821773529, 0.99730384349823, 0.5367513298988342], "client_42": [4.739895343780518, 3.104932427406311, 1.6251200437545776, 1.075158715248108, 0.6149312555789948], "client_45": [4.991611480712891, 3.507648468017578, 2.069335162639618, 1.2200592160224915, 0.6926129758358002], "client_49": [5.0015443166097, 4.804874897003174, 2.3243951400121055, 3.4708030621210733, 3.45350714524587], "client_50": [5.226620674133301, 3.7302985191345215, 1.7328248023986816, 0.5589458346366882, 0.15554873645305634], "client_57": [4.9361186027526855, 3.3928723335266113, 1.9863024353981018, 0.9733107089996338, 0.5206920653581619], "client_62": [4.694622576236725, 2.1454888582229614, 1.1433321237564087, 0.6839918494224548, 0.2889811247587204], "client_63": [4.698805014292399, 2.390991489092509, 1.7367255687713623, 0.9558315277099609, 0.7134817143281301], "client_64": [4.857949574788411, 3.029847780863444, 1.813710331916809, 0.8472134868303934, 0.4207717428604762], "client_67": [4.939126491546631, 2.965693632761637, 2.4512276649475098, 1.4455618460973103, 1.0008894801139832], "client_70": [4.2771486441294355, 1.6614558299382527, 0.8404610355695089, 0.4973008831342061, 0.30645984411239624], "client_71": [4.756080309549968, 2.3497668504714966, 1.269104778766632, 0.6918046077092489, 0.3823650578657786], "client_74": [5.004548192024231, 3.472756326198578, 2.4943142533302307, 1.3322919607162476, 1.329819530248642], "client_76": [5.197879910469055, 3.274528682231903, 1.8677987158298492, 1.0374203622341156, 0.46524710208177567], "client_78": [5.139056205749512, 3.8164318799972534, 2.553750157356262, 1.6783567070960999, 0.8946623504161835], "client_79": [4.140634989738464, 2.120818257331848, 1.1850252747535706, 0.5241598814725876, 0.2586811050772667], "client_99": [4.942939281463623, 3.5832189321517944, 2.0748283863067627, 1.136696219444275, 0.538908988237381]}, "selected_samples": [81, 133, 53, 108, 100, 14, 125, 56, 83, 18, 299, 45, 64, 62, 32, 11, 14, 24, 38, 65, 79, 127, 109, 70, 56, 79, 115, 75, 145, 81]}}