{"Round 1": {"selectd_client": [23, 81, 85], "training_loss": {"client_81": [5.4017345905303955, 3.200941801071167, 1.75383722782135, 1.8236403465270996, 0.8778532147407532], "client_85": [5.127822399139404, 3.6710638999938965, 2.22139843304952, 1.2482219537099202, 0.6057310998439789], "client_23": [5.403393030166626, 4.8384846448898315, 4.5482337474823, 3.391334891319275, 2.597572147846222]}, "selected_samples": [34, 39, 96]}, "Round 2": {"selectd_client": [21, 9, 42], "training_loss": {"client_9": [4.744497776031494, 2.686674213409424, 1.4676212310791015, 1.1028391480445863, 0.4952617287635803], "client_42": [4.921006679534912, 3.104555368423462, 1.77303546667099, 1.124142587184906, 0.5198290348052979], "client_21": [5.0602180163065595, 3.2566797733306885, 1.625963846842448, 0.8735008041063944, 0.47529399394989014]}, "selected_samples": [81, 133, 53]}}