{"Round 1": {"Accuracy/Testing Accuracy": 0.005333333333333333, "Loss/Testing Loss": 5.14796152750651, "mean_training_loss": 4.155803692340851}, "Round 2": {"training_time": 46.37515139579773, "max test accuracy": 0.005333333333333333, "Accuracy/Testing Accuracy": 0.005333333333333333, "Loss/Testing Loss": 5.144854387919108, "mean_training_loss": 2.258331286907196}}