{"Round 1": {"Accuracy/Testing Accuracy": 0.005333333333333333, "Loss/Testing Loss": 5.14796152750651, "mean_training_loss": 3.392779898643494}}