{"Accuracy/Testing Accuracy": 0.012987012987012988, "Loss/Testing Loss": 4.517341133216759, "_timestamp": 1671600658.19281, "_runtime": 35.89510703086853, "_step": 0, "_wandb": {"runtime": 34}}