{"Accuracy/Testing Accuracy": 0.461038961038961, "Loss/Testing Loss": 1.8876537251782108, "_timestamp": 1671639644.395218, "_runtime": 864.0535159111023, "_step": 6, "mean_training_loss": 0.3930946475396363}