{"Accuracy/Testing Accuracy": 0.7077922077922078, "Loss/Testing Loss": 1.1391533189005667, "_timestamp": 1671638558.5420725, "_runtime": 10565.634601593018, "_step": 61, "mean_training_loss": 0.02403230193691949}