{"Accuracy/Testing Accuracy": 0.7025974025974026, "Loss/Testing Loss": 1.1904516365620996, "_timestamp": 1671638420.1177793, "_runtime": 10401.080869197845, "_step": 45, "mean_training_loss": 0.007513491116390612}