{"Accuracy/Testing Accuracy": 0.42987012987012985, "Loss/Testing Loss": 2.0736795902252196, "_timestamp": 1671639627.574021, "_runtime": 825.835736989975, "_step": 4, "mean_training_loss": 0.688046113650004}