{"Accuracy/Testing Accuracy": 0.012987012987012988, "Loss/Testing Loss": 4.517341133216759, "_timestamp": 1671600867.0302978, "_runtime": 56.81970477104187, "_step": 0, "_wandb": {"runtime": 836}}