{"Accuracy/Testing Accuracy": 0.39090909090909093, "Loss/Testing Loss": 2.335587741182996, "_timestamp": 1671642184.029972, "_runtime": 621.7152671813965, "_step": 3, "mean_training_loss": 0.6920271937481381}