{"Accuracy/Testing Accuracy": 0.6805194805194805, "Loss/Testing Loss": 1.1255857442880606, "_timestamp": 1671639624.0096722, "_runtime": 628.4721231460571, "_step": 7}