{"Accuracy/Testing Accuracy": 0.7701298701298701, "Loss/Testing Loss": 0.7791074715651475, "_timestamp": 1671642291.1638231, "_runtime": 2476.6259112358093, "_step": 17, "mean_training_loss": 0.006662675084570717}